x,y,q1,q2
1.39993250126562,0.808999662503797,1.15330155205678,-1.25860399690807
1.39988000399995,0.811999200016,1.1536833774831,-1.25612562045869
1.39981250976542,0.814998437548827,1.15407221943276,-1.25365812302691
1.39973002024939,0.817997300121497,1.15446810061152,-1.25120157768656
1.39963253751409,0.820995712762602,1.15487104390641,-1.2487560577167
1.39952006399659,0.823993600511981,1.15528107238298,-1.24632163659784
1.39939260250871,0.826990888422596,1.15569820928246,-1.24389838800789
1.39925015623698,0.829987501562407,1.15612247801889,-1.24148638581815
1.39909272874256,0.832983365016241,1.1565539021762,-1.23908570408904
1.39892032396112,0.835978403887667,1.15699250550522,-1.23669641706579
1.39873294620278,0.83897254330087,1.15743831192061,-1.23431859917398
1.39853060015197,0.84196570840252,1.15789134549779,-1.23195232501491
1.39831329086732,0.844957824363645,1.15835163046977,-1.2295976693609
1.39808102378157,0.847948816381504,1.15881919122393,-1.22725470715044
1.39783380470137,0.85093860968145,1.15929405229874,-1.22492351348316
1.3975716398072,0.853927129518807,1.15977623838045,-1.22260416361476
1.39729453565315,0.856914301180734,1.16026577429966,-1.22029673295171
1.39700249916682,0.859900049988097,1.16076268502788,-1.21800129704588
1.3966955376491,0.86288430129733,1.161266995674,-1.215717931589
1.39637365877402,0.865866980502305,1.16177873148075,-1.21344671240701
1.39603687058853,0.868848013036198,1.16229791782099,-1.21118771545422
1.39568518151232,0.871827324373352,1.16282458019407,-1.2089410168074
1.3953186003376,0.874804840031137,1.16335874422201,-1.20670669265971
1.39493713622887,0.877780485571817,1.16390043564571,-1.20448481931442
1.39454079872273,0.880754186604409,1.16444968032101,-1.2022754731786
1.39412959772758,0.883725868786542,1.16500650421477,-1.20007873075659
1.39370354352344,0.886695457826316,1.16557093340081,-1.19789466864334
1.39326264676163,0.88966287948416,1.16614299405583,-1.19572336351766
1.39280691846454,0.892628059574686,1.16672271245526,-1.19356489213523
1.39233637002538,0.895590923968548,1.16731011496901,-1.19141933132158
1.39185101320781,0.898551398594289,1.16790522805723,-1.18928675796481
1.39135086014574,0.901509409440198,1.16850807826589,-1.18716724900827
1.39083592334296,0.904464882556158,1.1691186922224,-1.18506088144304
1.39030621567287,0.907417744055495,1.1697370966311,-1.18296773230023
1.38976175037814,0.910367920116825,1.17036331826871,-1.18088787864325
1.38920254107036,0.9133153369859,1.17099738397972,-1.17882139755981
1.38862860172975,0.916259920977453,1.17163932067165,-1.17676836615387
1.38803994670474,0.919201598477037,1.17228915531037,-1.17472886153735
1.3874365907117,0.922140295942867,1.1729469149152,-1.17270296082183
1.38681854883449,0.92507593990766,1.17361262655404,-1.17069074110995
1.38618583652412,0.928008456980469,1.17428631733846,-1.16869227948679
1.38553846959836,0.930937773848522,1.17496801441859,-1.16670765301107
1.38487646424137,0.933863817279047,1.1756577449781,-1.16473693870615
1.38419983700323,0.936786514121113,1.17635553622899,-1.16278021355096
1.38350860479959,0.93970579130745,1.17706141540643,-1.16083755447079
1.38280278491122,0.942621575856281,1.17777540976339,-1.1589090383279
1.38208239498358,0.945533794873143,1.17849754656535,-1.15699474191195
1.38134745302639,0.948442375552714,1.17922785308484,-1.15509474193046
1.38059797741315,0.951347245180627,1.179966356596,-1.1532091149989
1.37983398688071,0.954248331135293,1.18071308436898,-1.15133793763084
1.3790555005288,0.957145560889715,1.18146806366438,-1.14948128622788
1.37826253781953,0.960038862013299,1.18223132172755,-1.1476392370694
1.37745511857694,0.962928162173668,1.18300288578285,-1.14581186630232
1.37663326298646,0.965813389138468,1.18378278302787,-1.14399924993056
1.37579699159444,0.968694470777176,1.18457104062759,-1.1422014638045
1.37494632530762,0.971571335062901,1.18536768570843,-1.14041858361027
1.37408128539261,0.974443910074186,1.18617274535229,-1.13865068485887
1.37320189347536,0.977312123996804,1.18698624659054,-1.13689784287526
1.37230817154064,0.980175905125557,1.1878082163979,-1.13516013278723
1.37140014193143,0.983035181866066,1.18863868168633,-1.13343762951427
1.37047782734843,0.985889882736562,1.1894776692988,-1.13173040775615
1.36954125084946,0.988739936369671,1.19032520600307,-1.1300385419816
1.36859043584889,0.991585271514201,1.19118131848539,-1.12836210641668
1.36762540611703,0.994425817036921,1.19204603334411,-1.12670117503318
1.36664618577959,0.997261501924342,1.19291937708331,-1.12505582153687
1.36565279931701,1.00009225528449,1.19380137610636,-1.12342611935559
1.36464527156391,1.00291800634868,1.1946920567094,-1.12181214162737
1.36362362770843,1.00573868447327,1.19559144507481,-1.12021396118829
1.36258789329161,1.00855421914147,1.19649956726463,-1.1186316505604
1.36153809420676,1.01136453996505,1.19741644921393,-1.11706528193948
1.3604742566988,1.01416957668615,1.19834211672414,-1.11551492718266
1.35939640736362,1.01696925917898,1.19927659545637,-1.11398065779607
1.35830457314739,1.01976351745163,1.20021991092466,-1.11246254492236
1.35719878134591,1.02255228164779,1.20117208848918,-1.11096065932807
1.35607905960391,1.0253354820485,1.20213315334948,-1.1094750713911
1.35494543591439,1.0281130490739,1.20310313053759,-1.10800585108794
1.35379793861787,1.03088491328495,1.20408204491121,-1.10655306798094
1.35263659640173,1.03365100538519,1.20506992114679,-1.10511679120546
1.35146143829946,1.03641125622247,1.20606678373263,-1.10369708945707
1.35027249368996,1.03916559679065,1.20707265696193,-1.10229403097853
1.34906979229678,1.04191395823138,1.20808756492583,-1.10090768354692
1.34785336418738,1.04465627183574,1.20911153150646,-1.09953811446055
1.34662323977242,1.04739246904605,1.21014458036995,-1.09818539052598
1.34537944980493,1.05012248145753,1.21118673495939,-1.09684957804492
1.3441220253796,1.05284624081999,1.21223801848785,-1.09553074280112
1.34285099793198,1.0555636790396,1.21329845393138,-1.09422895004729
1.34156639923768,1.05827472818055,1.21436806402195,-1.09294426449192
1.34026826141161,1.06097932046674,1.21544687124043,-1.0916767502862
1.33895661690714,1.06367738828351,1.21653489780959,-1.09042647101079
1.33763149851532,1.06636886417931,1.21763216568705,-1.08919348966276
1.33629293936403,1.06905368086738,1.21873869655828,-1.08797786864239
1.3349409729172,1.07173177122744,1.21985451182958,-1.08677966974008
1.3335756329739,1.07440306830737,1.22097963262109,-1.08559895412321
1.33219695366757,1.07706750532489,1.22211407975982,-1.0844357823231
1.33080496946512,1.0797250156692,1.22325787377265,-1.08329021422192
1.32939971516607,1.08237553290269,1.22441103487943,-1.08216230903967
1.32798122590172,1.08501899076257,1.22557358298603,-1.08105212532124
1.32654953713422,1.08765532316252,1.22674553767743,-1.07995972092346
1.32510468465572,1.09028446419438,1.22792691821091,-1.07888515300221
1.32364670458745,1.09290634812974,1.22911774350914,-1.07782847799963
1.32217563337884,1.09552090942167,1.23031803215344,-1.07678975163137
1.32069150780659,1.09812808270624,1.23152780237699,-1.07576902887391
1.31919436497376,1.10072780280428,1.23274707205813,-1.07476636395198
1.31768424230886,1.10332000472291,1.23397585871367,-1.073781810326
1.31616117756485,1.10590462365722,1.23521417949224,-1.07281542067974
1.31462520881829,1.10848159499187,1.23646205116778,-1.07186724690794
1.31307637446832,1.11105085430271,1.23771949013294,-1.07093734010411
1.3115147132357,1.1136123373584,1.23898651239267,-1.07002575054844
1.3099402641619,1.11616598012198,1.24026313355778,-1.06913252769578
1.30835306660805,1.11871171875253,1.24154936883863,-1.06825772016383
1.30675316025401,1.12124948960671,1.24284523303883,-1.06740137572133
1.30514058509736,1.12377922924038,1.24415074054902,-1.06656354127654
1.30351538145239,1.12630087441019,1.2454659053408,-1.06574426286574
1.30187758994911,1.12881436207512,1.24679074096059,-1.06494358564192
1.30022725153222,1.13131962939814,1.24812526052372,-1.06416155386365
1.2985644074601,1.13381661374767,1.2494694767085,-1.0633982108841
1.29688909930375,1.13630525269925,1.25082340175042,-1.06265359914019
1.29520136894581,1.13878548403702,1.2521870474364,-1.06192776014194
1.29350125857943,1.14125724575534,1.25356042509924,-1.06122073446205
1.29178881070729,1.14372047606029,1.25494354561197,-1.06053256172557
1.29006406814049,1.14617511337124,1.2563364193825,-1.05986328059984
1.28832707399752,1.14862109632238,1.25773905634825,-1.05921292878456
1.28657787170313,1.15105836376428,1.25915146597091,-1.05858154300217
1.28481650498729,1.15348685476536,1.26057365723131,-1.05796915898832
1.28304301788408,1.15590650861349,1.26200563862442,-1.05737581148261
1.28125745473058,1.15831726481744,1.26344741815441,-1.05680153421959
1.27945986016577,1.16071906310842,1.26489900332988,-1.05624635991989
1.27765027912943,1.16311184344162,1.26636040115917,-1.05571032028171
1.275828756861,1.16549554599765,1.26783161814579,-1.05519344597238
1.27399533889842,1.16787011118406,1.26931266028403,-1.05469576662035
1.27215007107706,1.17023547963685,1.27080353305457,-1.05421731080728
1.27029299952851,1.17259159222194,1.27230424142039,-1.05375810606045
1.26842417067947,1.17493839003662,1.27381478982261,-1.05331817884541
1.26654363125056,1.17727581441108,1.27533518217666,-1.0528975545589
1.26465142825516,1.17960380690983,1.27686542186842,-1.05249625752204
1.26274760899826,1.18192230933318,1.27840551175063,-1.05211431097377
1.26083222107524,1.18423126371869,1.27995545413929,-1.05175173706456
1.25890531237069,1.18653061234261,1.28151525081037,-1.05140855685044
1.25696693105724,1.18882029772136,1.2830849029965,-1.05108479028729
1.25501712559431,1.19110026261292,1.28466441138393,-1.05078045622538
1.25305594472693,1.19337045001828,1.28625377610958,-1.05049557240426
1.25108343748454,1.19563080318288,1.28785299675819,-1.0502301554479
1.2490996531797,1.19788126559801,1.28946207235973,-1.04998422086015
1.24710464140692,1.20012178100222,1.29108100138687,-1.0497577830205
1.2450984520414,1.20235229338274,1.29270978175263,-1.04955085518008
1.24308113523775,1.20457274697689,1.29434841080819,-1.04936344945809
1.2410527414288,1.20678308627343,1.29599688534083,-1.0491955768384
1.23901332132429,1.208983256014,1.29765520157206,-1.04904724716655
1.23696292590961,1.21117320119447,1.29932335515588,-1.04891846914702
1.23490160644454,1.21335286706633,1.30100134117721,-1.04880925034085
1.23282941446196,1.21552219913804,1.30268915415045,-1.0487195971635
1.23074640176657,1.21768114317641,1.30438678801824,-1.04864951488311
1.22865262043356,1.21982964520796,1.30609423615034,-1.04859900761905
1.22654812280737,1.22196765152025,1.3078114913427,-1.04856807834073
1.22443296150032,1.22409510866322,1.30953854581666,-1.04855672886682
1.22230718939134,1.22621196345056,1.31127539121834,-1.04856495986475
1.22017085962462,1.22831816296102,1.31302201861817,-1.04859277085047
1.2180240256083,1.23041365453971,1.31477841851059,-1.04864016018864
1.21586674101311,1.23249838579946,1.31654458081387,-1.04870712509308
1.21369905977105,1.23457230462209,1.31832049487017,-1.0487936616275
1.21152103607404,1.23663535915973,1.3201061494457,-1.04889976470663
1.20933272437257,1.23868749783614,1.32190153273101,-1.04902542809762
1.2071341793743,1.24072866934795,1.32370663234153,-1.04917064442175
1.20492545604276,1.24275882266598,1.32552143531822,-1.04933540515651
1.20270660959591,1.2447779070365,1.32734592812832,-1.0495197006379
1.20047769550479,1.24678587198252,1.32918009666636,-1.04972352006316
1.19823876949214,1.248782667305,1.33102392625526,-1.04994685149371
1.19598988753099,1.25076824308418,1.33287740164759,-1.05018968185843
1.19373110584328,1.25274254968075,1.33474050702702,-1.0504519969573
1.19146248089843,1.25470553773717,1.33661322600987,-1.05073378146526
1.18918406941195,1.25665715817882,1.33849554164682,-1.05103501893645
1.186895928344,1.2585973622153,1.34038743642484,-1.05135569180867
1.184598114898,1.26052610134162,1.34228889226916,-1.0516957814082
1.18229068651915,1.26244332733938,1.34419989054547,-1.0520552679549
1.17997370089305,1.26434899227805,1.34612041206222,-1.05243413056759
1.17764721594422,1.26624304851609,1.34805043707306,-1.0528323472697
1.17531128983466,1.26812544870221,1.34998994527948,-1.05324989499523
1.1729659809624,1.26999614577649,1.35193891583351,-1.05368674959499
1.17061134796004,1.2718550929716,1.35389732734058,-1.0541428858431
1.16824744969329,1.27370224381397,1.35586515786259,-1.05461827744377
1.16587434525947,1.27553755212491,1.35784238492097,-1.05511289703831
1.16349209398608,1.27736097202182,1.3598289855,-1.05562671621251
1.16110075542927,1.27917245791929,1.36182493605022,-1.05615970550411
1.15870038937238,1.28097196453027,1.3638302124919,-1.05671183441069
1.15629105582444,1.28275944686718,1.36584479021873,-1.05728307139769
1.15387281501866,1.28453486024307,1.36786864410158,-1.05787338390675
1.15144572741093,1.28629816027269,1.36990174849235,-1.05848273836422
1.14900985367833,1.28804930287362,1.37194407722805,-1.05911110018997
1.14656525471756,1.28978824426741,1.37399560363481,-1.05975843380636
1.14411199164347,1.2915149409806,1.37605630053221,-1.06042470264749
1.14165012578752,1.29322934984586,1.37812614023752,-1.06110986916867
1.13917971869621,1.29493142800307,1.38020509457018,-1.06181389485599
1.1367008321296,1.29662113290035,1.38229313485634,-1.06253674023628
1.13421352805973,1.29829842229518,1.38439023193348,-1.06327836488708
1.13171786866906,1.29996325425541,1.38649635615512,-1.06403872744696
1.12921391634895,1.30161558716031,1.3886114773957,-1.06481778562591
1.12670173369808,1.30325537970167,1.39073556505543,-1.06561549621596
1.12418138352088,1.30488259088474,1.39286858806532,-1.06643181510203
1.12165292882598,1.30649718002933,1.39501051489225,-1.06726669727281
1.11911643282461,1.30809910677081,1.39716131354413,-1.06812009683196
1.11657195892904,1.30968833106108,1.39932095157516,-1.06899196700934
1.11401957075099,1.31126481316962,1.40148939609111,-1.06988226017246
1.11145933210002,1.31282851368446,1.4036666137547,-1.07079092783807
1.10889130698197,1.31437939351316,1.40585257079107,-1.07171792068384
1.10631555959734,1.31591741388382,1.40804723299329,-1.07266318856024
1.10373215433967,1.317442536346,1.41025056572791,-1.07362668050248
1.10114115579396,1.31895472277173,1.41246253394062,-1.07460834474261
1.09854262873504,1.32045393535641,1.41468310216192,-1.07560812872173
1.09593663812595,1.32194013661982,1.41691223451283,-1.07662597910224
1.09332324911632,1.32341328940699,1.41914989471074,-1.07766184178034
1.09070252704074,1.32487335688919,1.42139604607517,-1.07871566189842
1.08807453741712,1.32632030256481,1.42365065153366,-1.07978738385771
1.08543934594507,1.32775409026027,1.42591367362771,-1.08087695133093
1.08279701850424,1.32917468413097,1.42818507451866,-1.081984307275
1.08014762115268,1.33058204866212,1.43046481599374,-1.08310939394388
1.07749122012518,1.33197614866969,1.432752859472,-1.0842521529014
1.07482788183163,1.33335694930125,1.43504916601039,-1.08541252503421
1.07215767285535,1.33472441603686,1.43735369630977,-1.08659045056474
1.06948065995142,1.33607851468992,1.43966641072103,-1.08778586906417
1.06679691004502,1.33741921140803,1.44198726925112,-1.08899871946556
1.06410649022978,1.33874647267384,1.4443162315692,-1.09022894007684
1.06140946776603,1.3400602653059,1.4466532570127,-1.091476468594
1.0587059100792,1.34136055645946,1.44899830459348,-1.09274124211415
1.05599588475809,1.3426473136273,1.45135133300394,-1.09402319714866
1.0532794595532,1.34392050464056,1.45371230062313,-1.09532226963636
1.05055670237501,1.34518009766953,1.45608116552288,-1.09663839495662
1.04782768129232,1.34642606122446,1.45845788547392,-1.09797150794253
1.04509246453049,1.34765836415631,1.46084241795198,-1.09932154289404
1.04235112046982,1.34887697565759,1.4632347201439,-1.10068843359105
1.03960371764376,1.35008186526306,1.46563474895373,-1.10207211330654
1.03685032473724,1.35127300285055,1.46804246100879,-1.10347251481963
1.03409101058494,1.35245035864168,1.47045781266571,-1.10488957042863
1.03132584416956,1.35361390320262,1.47288076001651,-1.10632321196407
1.02855489462013,1.35476360744481,1.47531125889457,-1.10777337080164
1.02577823121023,1.35589944262571,1.47774926488064,-1.10923997787516
1.02299592335632,1.3570213803495,1.48019473330881,-1.11072296368942
1.02020804061594,1.35812939256779,1.48264761927243,-1.11222225833302
1.017414652686,1.35922345158034,1.48510787763002,-1.11373779149117
1.01461582940108,1.36030353003572,1.48757546301111,-1.11526949245835
1.0118116407316,1.36136960093203,1.49005032982211,-1.11681729015098
1.00900215678213,1.36242163761756,1.49253243225207,-1.11838111311999
1.00618744778963,1.36345961379144,1.49502172427846,-1.1199608895633
1.00336758412167,1.36448350350432,1.49751815967286,-1.12155654733825
1.0005426362747,1.36549328115902,1.50002169200662,-1.12316801397395
0.997712674872271,1.36648892151114,1.5025322746565,-1.12479521668348
0.994877770663266,1.36747039966972,1.50504986081023,-1.12643808237612
0.992037994520144,1.36843769109787,1.50757440347202,-1.12809653766937
0.989193417437161,1.36939077161335,1.51010585546807,-1.12977050890094
0.986344110528596,1.3703296173892,1.51264416945194,-1.13145992214061
0.983490145026974,1.37125420495431,1.51518929790994,-1.13316470320203
0.980631592281282,1.37216451119405,1.51774119316643,-1.13488477765436
0.977768523755191,1.37306051335082,1.52029980738905,-1.13662007083382
0.974901011025265,1.37394218902459,1.52286509259397,-1.1383705078552
0.972029125779173,1.37480951617354,1.52543700065095,-1.14013601362311
0.969152939813897,1.37566247311451,1.52801548328843,-1.14191651284325
0.966272525033935,1.37650103852364,1.53060049209856,-1.1437119300335
0.963387953449507,1.37732519143684,1.53319197854213,-1.14552218953492
0.960499297174752,1.37813491125032,1.5357898939534,-1.14734721552255
0.957606628425928,1.37893017772112,1.538394189545,-1.1491869320162
0.954710019519602,1.37971097096764,1.54100481641257,-1.15104126289106
0.951809542870845,1.38047727147008,1.54362172553952,-1.15291013188811
0.948905270991424,1.38122906007096,1.54624486780158,-1.15479346262455
0.945997276487983,1.38196631797561,1.54887419397135,-1.15669117860398
0.943085632060234,1.38268902675263,1.55150965472278,-1.15860320322646
0.940170410499136,1.38339716833432,1.55415120063553,-1.16052945979849
0.937251684685076,1.38409072501719,1.55679878219932,-1.16246987154284
0.934329527586047,1.38476967946236,1.55945234981815,-1.16442436160816
0.931404012255825,1.385434014696,1.56211185381449,-1.16639285307859
0.92847521183214,1.38608371410976,1.56477724443337,-1.16837526898311
0.925543199534851,1.38671876146119,1.56744847184642,-1.17037153230481
0.922608048664113,1.38733914087414,1.57012548615578,-1.17238156599001
0.919669832598544,1.38794483683917,1.57280823739801,-1.17440529295725
0.916728624793392,1.38853583421389,1.57549667554787,-1.17644263610608
0.913784498778701,1.38911211822342,1.57819075052204,-1.17849351832578
0.910837528157466,1.38967367446067,1.58089041218276,-1.18055786250391
0.9078877866038,1.39022048888677,1.5835956103414,-1.1826355915347
0.904935347861088,1.39075254783138,1.58630629476196,-1.1847266283273
0.901980285740144,1.39126983799308,1.58902241516445,-1.1868308958139
0.89902267411737,1.39177234643961,1.59174392122826,-1.18894831695771
0.896062586932899,1.39226006060831,1.59447076259538,-1.19107881476077
0.893100098188758,1.39273296830634,1.59720288887362,-1.19322231227161
0.890135281947011,1.39319105771103,1.59994024963965,-1.19537873259284
0.887168212327911,1.39363431737018,1.60268279444208,-1.19754799888848
0.884198963508042,1.39406273620231,1.60543047280439,-1.19973003439123
0.881227609718471,1.39447630349697,1.60818323422777,-1.2019247624096
0.878254225242887,1.39487500891501,1.61094102819393,-1.2041321063348
0.875278884415748,1.39525884248881,1.61370380416781,-1.20635198964762
0.87230166162042,1.39562779462255,1.61647151160021,-1.20858433592506
0.869322631287317,1.39598185609245,1.61924409993034,-1.21082906884688
0.866341867892042,1.39632101804699,1.62202151858834,-1.21308611220198
0.863359445953525,1.39664527200713,1.6248037169976,-1.21535538989463
0.860375440032159,1.39695460986655,1.62759064457717,-1.21763682595061
0.857389924727937,1.39724902389181,1.63038225074396,-1.21993034452315
0.854402974678586,1.39752850672258,1.63317848491495,-1.22223586989877
0.851414664557701,1.39779305137181,1.63597929650924,-1.22455332650294
0.84842506907288,1.39804265122589,1.63878463495012,-1.22688263890566
0.845434262963855,1.39827730004483,1.64159444966698,-1.22922373182689
0.842442321000622,1.39849699196243,1.64440869009722,-1.23157653014177
0.839449317981574,1.39870172148641,1.64722730568801,-1.23394095888582
0.836455328731632,1.39889148349853,1.65005024589807,-1.23631694325993
0.833460428100369,1.39906627325475,1.65287746019924,-1.23870440863523
0.830464690960148,1.39922608638535,1.65570889807815,-1.24110328055786
0.827468192204238,1.399370918895,1.65854450903765,-1.24351348475355
0.824471006744955,1.39950076716289,1.6613842425983,-1.24593494713215
0.821473209511777,1.39961562794282,1.66422804829971,-1.24836759379197
0.81847487544948,1.39971549836329,1.66707587570183,-1.25081135102401
0.815476079516258,1.39980037592753,1.66992767438616,-1.25326614531606
0.812476896681856,1.39987025851361,1.67278339395696,-1.25573190335671
0.809477401925685,1.39992514437448,1.67564298404224,-1.2582085520392
0.80647767023496,1.39996503213798,1.67850639429488,-1.26069601846512
0.803477776602817,1.39998992080693,1.68137357439348,-1.26319422994811
0.80047779602644,1.3999998097591,1.68424447404329,-1.26570311401728
0.797477803505187,1.39999469874728,1.68711904297703,-1.26822259842064
0.794477874038715,1.39997458789924,1.6899972309556,-1.27075261112833
0.791478082625105,1.39993947771776,1.69287898776878,-1.27329308033581
0.788478504258984,1.39988936908057,1.69576426323583,-1.27584393446687
0.785479213929658,1.39982426324041,1.69865300720606,-1.27840510217656
0.782480286619227,1.3997441618249,1.70154516955929,-1.28097651235402
0.779481797300718,1.39964906683659,1.70444070020629,-1.28355809412515
0.776483820936207,1.39953898065283,1.70733954908913,-1.28614977685525
0.773486432474949,1.39941390602579,1.71024166618149,-1.28875149015148
0.770489706851498,1.39927384608231,1.71314700148884,-1.29136316386526
0.767493718983838,1.3991188043239,1.71605550504869,-1.29398472809455
0.764498543771511,1.39894878462658,1.71896712693066,-1.29661611318603
0.761504256093741,1.39876379124084,1.72188181723653,-1.29925724973716
0.758510930807563,1.3985638287915,1.72479952610024,-1.30190806859821
0.755518642745954,1.39834890227762,1.72772020368783,-1.30456850087409
0.75252746671596,1.39811901707235,1.73064380019731,-1.30723847792618
0.749537477496825,1.3978741789228,1.73357026585846,-1.30991793137397
0.746548749838125,1.39761439394992,1.73649955093266,-1.31260679309673
0.743561358457894,1.39733966864832,1.73943160571249,-1.31530499523494
0.740575378040763,1.39705000988611,1.74236638052147,-1.31801247019176
0.737590883236086,1.39674542490475,1.74530382571362,-1.32072915063433
0.734607948656077,1.39642592131885,1.74824389167298,-1.32345496949504
0.731626648873946,1.39609150711597,1.75118652881313,-1.32618985997264
0.728647058422033,1.39574219065647,1.75413168757661,-1.32893375553333
0.725669251789942,1.39537798067323,1.75707931843429,-1.33168658991178
0.722693303422685,1.39499888627148,1.76002937188471,-1.33444829711195
0.719719287718816,1.39460491692857,1.76298179845336,-1.337218811408
0.716747279028574,1.3941960824937,1.76593654869186,-1.33999806734498
0.713777351652019,1.39377239318771,1.76889357317721,-1.34278599973953
0.710809579837182,1.39333385960282,1.77185282251083,-1.34558254368042
0.707844037778204,1.39288049270234,1.77481424731772,-1.34838763452912
0.704880799613481,1.39241230382043,1.77777779824539,-1.35120120792022
0.701919939423815,1.39192930466177,1.78074342596293,-1.35402319976178
0.698961531230554,1.39143150730133,1.78371108115986,-1.35685354623564
0.69600564899375,1.39091892418401,1.78668071454506,-1.35969218379767
0.693052366610305,1.39039156812436,1.78965227684558,-1.36253904917791
0.690101757912124,1.38984945230626,1.79262571880542,-1.36539407938063
0.687153896664272,1.38929259028257,1.79560099118432,-1.36825721168441
0.684208856563126,1.38872099597482,1.79857804475638,-1.37112838364209
0.681266711234535,1.38813468367283,1.80155683030876,-1.37400753308063
0.678327534231979,1.38753366803438,1.80453729864028,-1.37689459810098
0.67539139903473,1.38691796408483,1.80751940055995,-1.37978951707788
0.672458379046015,1.38628758721674,1.81050308688554,-1.38269222865948
0.669528547591181,1.38564255318951,1.81348830844198,-1.38560267176713
0.666601977915863,1.38498287812896,1.81647501605987,-1.38852078559485
0.663678743184148,1.38430857852692,1.8194631605738,-1.39144650960895
0.660758916476754,1.38361967124085,1.82245269282072,-1.39437978354752
0.657842570789195,1.38291617349339,1.82544356363825,-1.39732054741982
0.654929779029963,1.38219810287196,1.82843572386295,-1.40026874150568
0.6520206140187,1.38146547732827,1.83142912432849,-1.40322430635485
0.649115148484378,1.38071831517794,1.83442371586389,-1.40618718278624
0.646213455063486,1.37995663509998,1.83741944929161,-1.40915731188718
0.643315606298208,1.37918045613634,1.84041627542567,-1.4121346350126
0.640421674634612,1.37838979769147,1.84341414506971,-1.41511909378413
0.637531732420838,1.37758467953178,1.84641300901499,-1.4181106300892
0.634645851905292,1.37676512178518,1.8494128180384,-1.42110918608012
0.631764105234837,1.37593114494058,1.85241352290036,-1.42411470417302
0.628886564452988,1.37508276984735,1.85541507434274,-1.42712712704681
0.626013301498115,1.37422001771483,1.85841742308672,-1.43014639764212
0.623144388201643,1.37334291011177,1.86142051983064,-1.43317245916015
0.620279896286256,1.37245146896582,1.86442431524771,-1.43620525506149
0.6174198973641,1.37154571656296,1.86742875998384,-1.43924472906489
0.614564462935001,1.37062567554695,1.87043380465532,-1.44229082514605
0.611713664384671,1.36969136891878,1.87343939984645,-1.44534348753631
0.608867572982924,1.36874282003605,1.87644549610725,-1.44840266072129
0.606026259881898,1.36778005261245,1.87945204395099,-1.45146828943956
0.603189796114272,1.3668030907171,1.88245899385181,-1.45454031868124
0.600358252591493,1.36581195877401,1.88546629624216,-1.45761869368653
0.597531700102001,1.36480668156141,1.8884739015104,-1.46070335994427
0.594710209309461,1.36378728421119,1.89148175999814,-1.46379426319043
0.591893850750996,1.36275379220824,1.89448982199772,-1.46689134940655
0.589082694835424,1.36170623138978,1.89749803774956,-1.4699945648182
0.586276811841496,1.3606446279448,1.90050635743954,-1.47310385589335
0.58347627191614,1.35956900841332,1.90351473119622,-1.47621916934078
0.580681145072709,1.35847939968577,1.90652310908821,-1.47934045210837
0.577891501189228,1.35737582900232,1.90953144112134,-1.48246765138143
0.575107410006649,1.35625832395217,1.91253967723585,-1.48560071458098
0.572328941127107,1.3551269124729,1.91554776730359,-1.48873958936201
0.569556164012179,1.35398162284973,1.91855566112514,-1.49188422361169
0.566789147981149,1.35282248371484,1.92156330842685,-1.49503456544756
0.564027962209272,1.35164952404665,1.92457065885794,-1.49819056321575
0.56127267572605,1.35046277316909,1.92757766198752,-1.50135216548904
0.558523357413502,1.34926226075087,1.93058426730153,-1.50451932106506
0.555780076004441,1.34804801680474,1.93359042419971,-1.50769197896434
0.55304290008076,1.34682007168673,1.93659608199252,-1.51087008842841
0.550311898071714,1.34557845609541,1.93960118989799,-1.5140535989178
0.547587138252213,1.3443232010711,1.94260569703855,-1.51724246011013
0.544868688741108,1.34305433799512,1.94560955243787,-1.52043662189805
0.542156617499498,1.34177189858897,1.94861270501758,-1.52363603438726
0.53945099232902,1.34047591491358,1.95161510359402,-1.52684064789444
0.536751880870163,1.33916641936846,1.95461669687494,-1.53005041294522
0.534059350600574,1.33784344469094,1.9576174334561,-1.53326528027205
0.53137346883337,1.33650702395531,1.96061726181796,-1.53648520081212
0.528694302715453,1.33515719057203,1.96361613032223,-1.53971012570525
0.526021919225838,1.33379397828685,1.96661398720839,-1.5429400062917
0.523356385173972,1.33241742118003,1.96961078059022,-1.54617479411004
0.520697767198069,1.3310275536654,1.97260645845227,-1.54941444089496
0.518046131763439,1.32962441048958,1.97560096864628,-1.55265889857505
0.515401545160829,1.32820802673109,1.97859425888759,-1.55590811927061
0.512764073504768,1.32677843779945,1.98158627675147,-1.55916205529136
0.510133782731909,1.32533567943429,1.98457696966945,-1.56242065913424
0.507510738599384,1.32387978770451,1.9875662849256,-1.56568388348109
0.504895006683161,1.32241079900732,1.99055416965278,-1.56895168119638
0.502286652376401,1.32092875006737,1.99354057082882,-1.57222400532488
0.499685740887825,1.31943367793579,1.99652543527268,-1.57550080908937
0.497092337240086,1.31792561998932,1.9995087096406,-1.57878204588826
0.494506506268139,1.31640461392933,2.00249034042216,-1.58206766929324
0.491928312617624,1.31487069778089,2.00547027393631,-1.58535763304691
0.489357820743249,1.31332390989181,2.00844845632742,-1.58865189106039
0.486795094907176,1.31176428893173,2.01142483356118,-1.5919503974109
0.484240199177417,1.31019187389107,2.01439935142056,-1.59525310633936
0.481693197426233,1.30860670408014,2.0173719555017,-1.5985599722479
0.479154153328535,1.3070088191281,2.02034259120969,-1.60187094969749
0.476623130360293,1.30539825898199,2.02331120375442,-1.60518599340536
0.47410019179695,1.30377506390572,2.02627773814633,-1.60850505824264
0.471585400711838,1.3021392744791,2.02924213919207,-1.61182809923174
0.469078819974602,1.30049093159677,2.03220435149022,-1.61515507154392
0.466580512249632,1.29883007646721,2.0351643194269,-1.61848593049672
0.464090539994491,1.29715675061172,2.03812198717134,-1.62182063155144
0.461608965458354,1.29547099586336,2.04107729867139,-1.62515913031054
0.459135850680456,1.29377285436592,2.04403019764909,-1.62850138251513
0.456671257488538,1.29206236857282,2.04698062759601,-1.63184734404231
0.454215247497301,1.29033958124615,2.04992853176875,-1.63519697090262
0.451767882106867,1.28860453545548,2.0528738531842,-1.6385502192374
0.449329222501243,1.28685727457687,2.05581653461492,-1.64190704531616
0.446899329646793,1.28509784229175,2.05875651858436,-1.64526740553394
0.44447826429071,1.28332628258585,2.06169374736209,-1.64863125640863
0.442066086959504,1.28154263974805,2.06462816295895,-1.65199855457832
0.439662857957481,1.27974695836934,2.06755970712216,-1.65536925679859
0.437268637365242,1.27793928334165,2.0704883213304,-1.65874331993981
0.434883485038177,1.27611965985678,2.07341394678883,-1.66212070098444
0.432507460604969,1.2742881334052,2.07633652442404,-1.66550135702424
0.430140623466106,1.272444749775,2.07925599487897,-1.66888524525759
0.427783032792392,1.27058955505065,2.08217229850779,-1.67227232298667
0.425434747523473,1.26872259561194,2.08508537537066,-1.67566254761471
0.423095826366357,1.26684391813275,2.08799516522857,-1.67905587664318
0.420766327793951,1.26495356957993,2.09090160753797,-1.68245226766899
0.418446310043598,1.26305159721208,2.09380464144547,-1.68585167838167
0.416135831115623,1.26113804857841,2.09670420578241,-1.6892540665605
0.413834948771876,1.25921297151755,2.09960023905944,-1.69265939007168
0.411543720534297,1.25727641415632,2.10249267946096,-1.69606760686545
0.409262203683473,1.25532842490855,2.10538146483958,-1.69947867497319
0.406990455257205,1.25336905247388,2.1082665327105,-1.70289255250453
0.404728532049087,1.2513983458365,2.11114782024579,-1.70630919764443
0.402476490607081,1.24941635426399,2.11402526426872,-1.70972856865023
0.400234387232105,1.24742312730603,2.11689880124788,-1.71315062384868
0.398002277976628,1.24541871479319,2.11976836729137,-1.71657532163301
0.395780218643264,1.24340316683568,2.12263389814086,-1.72000262045991
0.39356826478338,1.2413765338221,2.12549532916564,-1.72343247884653
0.391366471695708,1.23933886641815,2.12835259535653,-1.72686485536746
0.389174894424962,1.23729021556543,2.13120563131981,-1.73029970865166
0.386993587760457,1.23523063248009,2.13405437127106,-1.73373699737946
0.384822606234748,1.23316016865161,2.13689874902889,-1.73717668027943
0.382662004122259,1.23107887584148,2.13973869800868,-1.74061871612527
0.38051183543793,1.2289868060819,2.14257415121621,-1.74406306373274
0.378372153935868,1.22688401167451,2.14540504124124,-1.74750968195652
0.376243013107997,1.22477054518906,2.14823130025098,-1.750958529687
0.374124466182728,1.22264645946211,2.15105285998358,-1.75440956584715
0.372016566123623,1.22051180759568,2.15386965174147,-1.75786274938932
0.369919365628074,1.21836664295596,2.15668160638466,-1.76131803929202
0.367832917125985,1.21621101917196,2.15948865432401,-1.76477539455665
0.365757272778459,1.21404499013416,2.16229072551433,-1.7682347742043
0.363692484476496,1.21186860999317,2.16508774944751,-1.7716961372724
0.361638603839698,1.20968193315838,2.16787965514553,-1.77515944281149
0.359595682214972,1.2074850142966,2.17066637115341,-1.77862464988182
0.357563770675253,1.20527790833069,2.17344782553206,-1.78209171755004
0.355542920018223,1.20306067043818,2.17622394585109,-1.78556060488586
0.353533180765044,1.20083335604989,2.17899465918152,-1.78903127095856
0.351534603159093,1.19859602084859,2.18175989208845,-1.79250367483367
0.349547237164705,1.19634872076752,2.18451957062359,-1.79597777556946
0.347571132465927,1.19409151198908,2.18727362031776,-1.7994535322135
0.345606338465274,1.19182445094336,2.1900219661733,-1.80293090379914
0.343652904282492,1.18954759430678,2.19276453265641,-1.80640984934202
0.341710878753336,1.18726099900062,2.19550124368937,-1.80989032783648
0.339780310428341,1.18496472218966,2.19823202264275,-1.81337229825203
0.337861247571616,1.1826588212807,2.20095679232745,-1.81685571952972
0.335953738159631,1.18034335392114,2.20367547498671,-1.82034055057851
0.334057829880024,1.17801837799754,2.20638799228804,-1.82382675027162
0.332173570130402,1.17568395163417,2.20909426531504,-1.82731427744283
0.330301006017161,1.17334013319158,2.21179421455916,-1.83080309088277
0.328440184354306,1.17098698126511,2.21448775991134,-1.83429314933517
0.326591151662281,1.16862455468343,2.21717482065359,-1.83778441149308
0.324753954166809,1.16625291250708,2.21985531545046,-1.84127683599508
0.322928637797729,1.16387211402699,2.22252916234044,-1.84477038142138
0.321115248187858,1.161482218763,2.22519627872728,-1.84826500629002
0.31931383067184,1.15908328646237,2.22785658137116,-1.8517606690529
0.317524430285019,1.15667537709829,2.23050998637987,-1.85525732809189
0.315747091762312,1.15425855086835,2.23315640919975,-1.85875494171481
0.31398185953709,1.15183286819309,2.2357957646067,-1.86225346815146
0.312228777740066,1.14939838971445,2.23842796669698,-1.86575286554952
0.310487890198194,1.14695517629426,2.24105292887798,-1.86925309197055
0.308759240433571,1.14450328901274,2.2436705638588,-1.87275410538577
0.307042871662352,1.14204278916694,2.24628078364088,-1.87625586367199
0.305338826793667,1.13957373826922,2.24888349950841,-1.87975832460738
0.303647148428548,1.13709619804573,2.25147862201868,-1.88326144586721
0.301967878858867,1.13461023043485,2.25406606099233,-1.88676518501964
0.300301060066275,1.13211589758563,2.25664572550354,-1.89026949952133
0.298646733721155,1.12961326185628,2.25921752387002,-1.89377434671316
0.297004941181581,1.12710238581254,2.26178136364301,-1.89727968381579
0.295375723492279,1.12458333222619,2.26433715159711,-1.90078546792519
0.293759121383608,1.12205616407345,2.26688479372001,-1.90429165600826
0.292155175270535,1.11952094453337,2.26942419520214,-1.90779820489817
0.29056392525163,1.11697773698633,2.27195526042623,-1.91130507128991
0.288985411108061,1.11442660501237,2.2744778929567,-1.91481221173558
0.287419672302598,1.11186761238966,2.276991995529,-1.91831958263979
0.285866747978632,1.10930082309288,2.27949747003883,-1.9218271402549
0.284326676959188,1.10672630129163,2.28199421753125,-1.9253348406763
0.282799497745962,1.10414411134883,2.28448213818967,-1.92884263983757
0.281285248518355,1.10155431781909,2.28696113132478,-1.93235049350563
0.279783967132519,1.0989569854471,2.28943109536327,-1.93585835727583
0.278295691120409,1.09635217916605,2.2918919278366,-1.93936618656702
0.27682045768885,1.09373996409596,2.29434352536946,-1.94287393661647
0.2753583037186,1.09112040554206,2.29678578366832,-1.94638156247486
0.273909265763431,1.08849356899319,2.29921859750973,-1.94988901900113
0.272473380049218,1.08585952012012,2.30164186072855,-1.95339626085732
0.271050682473029,1.08321832477393,2.3040554662061,-1.9569032425033
0.269641208602227,1.08057004898437,2.30645930585816,-1.96040991819153
0.268244993673589,1.07791475895821,2.30885327062288,-1.96391624196166
0.266862072592413,1.07525252107754,2.31123725044857,-1.96742216763519
0.265492479931654,1.07258340189818,2.31361113428137,-1.97092764880991
0.264136249931058,1.06990746814798,2.31597481005284,-1.97443263885443
0.262793416496305,1.06722478672512,2.31832816466739,-1.97793709090261
0.261464013198159,1.06453542469652,2.32067108398965,-1.98144095784782
0.260148073271635,1.06183944929608,2.32300345283168,-1.98494419233731
0.258845629615162,1.05913692792304,2.32532515494014,-1.98844674676637
0.257556714789763,1.0564279281403,2.32763607298324,-1.9919485732725
0.256281361018243,1.05371251767271,2.3299360885377,-1.9954496237295
0.255019600184378,1.0509907644054,2.3322250820755,-1.99894984974144
0.253771463832124,1.04826273638204,2.33450293295061,-2.00244920263667
0.252536983164825,1.04552850180321,2.33676951938553,-2.00594763346164
0.251316189044434,1.04278812902462,2.33902471845776,-2.00944509297473
0.250109111990738,1.04004168655545,2.34126840608619,-2.01294153163996
0.248915782180603,1.03728924305662,2.34350045701733,-2.01643689962067
0.247736229447212,1.03453086733907,2.34572074481148,-2.01993114677306
0.24657048327932,1.03176662836205,2.34792914182877,-2.02342422263974
0.245418572820522,1.0289965952314,2.35012551921509,-2.02691607644313
0.244280526868519,1.02622083719779,2.35230974688796,-2.03040665707881
0.2431563738744,1.02343942365503,2.35448169352227,-2.03389591310878
0.242046141941933,1.02065242413832,2.35664122653591,-2.03738379275469
0.240949858826857,1.0178599083225,2.35878821207535,-2.04087024389088
0.239867551936193,1.01506194602032,2.36092251500106,-2.04435521403746
0.238799248327557,1.01225860718069,2.36304399887292,-2.04783865035321
0.237744974708483,1.00944996188693,2.36515252593546,-2.05132049962848
0.236704757435758,1.00663608035503,2.36724795710306,-2.05480070827788
0.235678622514759,1.00381703293189,2.36933015194506,-2.05827922233305
0.234666595598805,1.00099289009354,2.37139896867079,-2.06175598743517
0.233668701988517,0.99816372244341,2.37345426411448,-2.06523094882751
0.232684966631183,0.995329600710536,2.37549589372015,-2.06870405134781
0.231715414120135,0.992490595747818,2.37752371152642,-2.07217523942063
0.230760068694136,0.989646778530232,2.3795375701512,-2.07564445704951
0.229818954236772,0.98679822015306,2.38153732077638,-2.07911164780918
0.228892094275855,0.983944991830114,2.38352281313239,-2.0825767548375
0.227979511982836,0.981087164891952,2.38549389548281,-2.08603972082747
0.227081230172224,0.9782248107841,2.38745041460878,-2.08950048801902
0.226197271301019,0.97535800106526,2.38939221579348,-2.09295899819076
0.225327657468146,0.972486807405527,2.39131914280655,-2.09641519265161
0.224472410413905,0.969611301584592,2.3932310378884,-2.09986901223235
0.223631551519429,0.966731555489952,2.39512774173456,-2.103320397277
0.222805101806145,0.963847641115108,2.39700909348,-2.1067692876342
0.221993081935254,0.960959630557771,2.39887493068338,-2.1102156226484
0.22119551220721,0.958067596018053,2.40072508931132,-2.11365934115099
0.220412412561215,0.955171609796666,2.40255940372269,-2.11710038145127
0.219643802574719,0.952271744293117,2.40437770665283,-2.12053868132738
0.218889701462932,0.949368072003892,2.40617982919782,-2.12397417801707
0.218150128078342,0.946460665520645,2.4079656007988,-2.1274068082084
0.217425100910246,0.94354959752839,2.40973484922623,-2.13083650803026
0.216714638084284,0.940634940803672,2.41148740056423,-2.13426321304284
0.216018757361991,0.937716768212758,2.41322307919498,-2.137686858228
0.215337476140348,0.934795152709813,2.41494170778314,-2.14110737797944
0.21467081145135,0.93187016733507,2.41664310726032,-2.14452470609282
0.214018779961581,0.928941885213012,2.41832709680964,-2.14793877575577
0.213381397971792,0.92601037955054,2.41999349385039,-2.15134951953776
0.212758681416501,0.923075723635141,2.42164211402271,-2.15475686937982
0.21215064586359,0.920137990833062,2.42327277117249,-2.1581607565842
0.211557306513914,0.91719725458747,2.42488527733627,-2.1615611118039
0.210978678200928,0.914253588416616,2.42647944272631,-2.16495786503204
0.210414775390308,0.911307065912003,2.42805507571586,-2.16835094559113
0.209865612179596,0.90835776073654,2.42961198282449,-2.17174028212224
0.209331202297844,0.905405746622701,2.43114996870366,-2.17512580257403
0.20881155910527,0.902451097370687,2.43266883612244,-2.17850743419163
0.208306695592927,0.899493886846575,2.43416838595344,-2.18188510350546
0.207816624382377,0.896534188980473,2.43564841715899,-2.18525873631987
0.207341357725375,0.893572077764675,2.43710872677747,-2.18862825770169
0.206880907503562,0.890607627251806,2.43854910991002,-2.19199359196861
0.20643528522817,0.887640911552975,2.43996935970738,-2.19535466267754
0.206004502039733,0.88467200483592,2.44136926735713,-2.1987113926127
0.205588568707807,0.881700981323154,2.44274862207119,-2.20206370377371
0.205187495630705,0.87872791529011,2.44410721107364,-2.2054115173635
0.204801292835232,0.875752881063285,2.44544481958895,-2.20875475377609
0.204429969976438,0.872775953018378,2.4467612308305,-2.21209333258428
0.204073536337375,0.869797205578436,2.44805622598959,-2.21542717252722
0.203732000828867,0.86681671321199,2.44932958422478,-2.21875619149778
0.203405371989282,0.863834550431193,2.45058108265176,-2.22208030652992
0.203093657984324,0.860850791789961,2.45181049633363,-2.22539943378587
0.202796866606829,0.857865511882103,2.4530175982717,-2.22871348854315
0.202515005276563,0.854878785339462,2.45420215939686,-2.23202238518159
0.202248081040047,0.851890686830046,2.45536394856142,-2.23532603717013
0.201996100570372,0.848901291056161,2.4565027325316,-2.23862435705353
0.201759070167037,0.845910672752548,2.45761827598064,-2.241917256439
0.201536995755789,0.842918906684506,2.45871034148252,-2.2452046459827
0.201329882888477,0.839926067646033,2.45977868950636,-2.24848643537611
0.201137736742913,0.836932230457948,2.46082307841161,-2.25176253333231
0.200960562122739,0.833937469966025,2.46184326444389,-2.25503284757218
0.200798363457312,0.830941861039121,2.4628390017317,-2.25829728481042
0.20065114480159,0.827945478567302,2.4638100422839,-2.26155575074158
0.200518909836032,0.824948397459974,2.4647561359881,-2.26480815002591
0.200401661866506,0.82195069264401,2.46567703060991,-2.26805438627513
0.200299403824203,0.818952439061872,2.46657247179319,-2.27129436203813
0.200212138265571,0.815953711669745,2.46744220306124,-2.27452797878662
0.200139867372243,0.812954585435658,2.46828596581907,-2.27775513690058
0.200082592950988,0.809955135337609,2.4691034993567,-2.28097573565376
0.200040316433664,0.806955436361695,2.46989454085363,-2.28418967319904
0.200013038877181,0.803955563500234,2.47065882538448,-2.28739684655374
0.200000760963476,0.800955591749892,2.47139608592584,-2.29059715158486
0.200003482999498,0.797955596109806,2.4721060533644,-2.29379048299425
0.200021204917195,0.794955651579711,2.47278845650643,-2.29697673430377
0.20005392627352,0.791955833158063,2.47344302208865,-2.30015579784039
0.200101646250441,0.788956215840168,2.47406947479046,-2.3033275647212
0.200164363654961,0.785956874616301,2.47466753724781,-2.30649192483845
0.200242076919148,0.782957884469838,2.47523693006853,-2.30964876684456
0.200334784100176,0.779959320375375,2.47577737184928,-2.31279797813707
0.200442482880367,0.776961257296859,2.47628857919422,-2.31593944484363
0.20056517056726,0.773963770185711,2.47677026673543,-2.31907305180697
0.200702844093669,0.770966933978952,2.47722214715511,-2.32219868256988
0.200855500017761,0.767970823597331,2.47764393120965,-2.32531621936019
0.201023134523148,0.764975513943452,2.47803532775573,-2.32842554307584
0.201205743418975,0.761981079899901,2.47839604377834,-2.33152653326989
0.20140332214003,0.758987596327371,2.47872578442092,-2.33461906813569
0.201615865746853,0.755995138062798,2.47902425301773,-2.33770302449205
0.201843368925868,0.753003779917481,2.47929115112837,-2.34077827776847
0.202085825989505,0.750013596675218,2.47952617857466,-2.34384470199052
0.202343230876352,0.747024663090435,2.47972903347997,-2.34690216976524
0.202615577151298,0.744037053886316,2.47989941231088,-2.34995055226675
0.202902858005702,0.741050843752935,2.48003700992157,-2.35298971922188
0.203205066257557,0.73806610734539,2.48014151960077,-2.35601953889605
0.203522194351672,0.735082919281935,2.4802126331214,-2.35903987807922
0.203854234359862,0.732101354142117,2.4802500407931,-2.36205060207209
0.204201177981144,0.729121486464909,2.48025343151765,-2.36505157467244
0.204563016541946,0.726143390746848,2.48022249284732,-2.36804265816169
0.204939740996321,0.723167141440172,2.48015691104639,-2.37102371329173
0.205331341926179,0.720192812950958,2.48005637115575,-2.37399459927195
0.205737809541516,0.717220479637264,2.47992055706088,-2.37695517375657
0.206159133680664,0.714250215807267,2.47974915156306,-2.37990529283222
0.20659530381054,0.711282095717409,2.47954183645415,-2.38284481100591
0.207046309026915,0.708316193570537,2.47929829259483,-2.38577358119324
0.207512138054681,0.705352583514051,2.47901819999657,-2.38869145470703
0.207992779248137,0.702391339638047,2.47870123790729,-2.39159828124632
0.208488220591278,0.699432535973469,2.47834708490086,-2.39449390888575
0.208998449698097,0.696476246490253,2.47795541897058,-2.39737818406541
0.209523453812891,0.693522545095484,2.47752591762665,-2.40025095158111
0.210063219810587,0.690571505631541,2.47705825799781,-2.4031120545752
0.210617734197061,0.687623201874258,2.47655211693721,-2.4059613345278
0.211186983109483,0.684677707531075,2.4760071711326,-2.40879863124867
0.211770952316661,0.681735096239198,2.47542309722096,-2.41162378286965
0.212369627219393,0.678795441563755,2.47479957190764,-2.4144366258376
0.21298299285084,0.67585881699596,2.47413627209014,-2.41723699490812
0.213611033876891,0.672925295951275,2.47343287498659,-2.42002472313985
0.214253734596554,0.669994951767572,2.47268905826906,-2.4227996418895
0.214911078942345,0.667067857703304,2.47190450020173,-2.4255615808076
0.215583050480689,0.66414408693567,2.4710788797841,-2.4283103678351
0.216269632412332,0.661223712558787,2.47021187689923,-2.43104582920066
0.216970807572763,0.658306807581862,2.46930317246717,-2.43376778941889
0.217686558432638,0.655393444927367,2.4683524486036,-2.43647607128946
0.218416867098224,0.652483697429218,2.46735938878381,-2.43917049589709
0.219161715311841,0.64957763783095,2.46632367801209,-2.44185088261255
0.219921084452323,0.646675338783901,2.46524500299652,-2.44451704909469
0.220694955535482,0.643776872845397,2.46412305232938,-2.44716881129347
0.221483309214581,0.640882312476936,2.46295751667303,-2.44980598345409
0.222286125780818,0.637991730042375,2.46174808895154,-2.45242837812231
0.223103385163821,0.635105197806126,2.46049446454798,-2.45503580615092
0.223935066932148,0.632222787931342,2.45919634150739,-2.45762807670741
0.224781150293799,0.629344572478123,2.45785342074562,-2.46020499728295
0.225641614096733,0.626470623401703,2.45646540626388,-2.46276637370271
0.2265164368294,0.62360101255066,2.45503200536916,-2.46531201013749
0.227405596621278,0.620735811665115,2.45355292890051,-2.46784170911681
0.228309071243417,0.617875092374942,2.45202789146105,-2.47035527154342
0.229226838109,0.615018926197975,2.45045661165599,-2.47285249670943
0.230158874273902,0.612167384538218,2.44883881233627,-2.4753331823138
0.231105156437269,0.609320538684064,2.44717422084815,-2.4777971244817
0.232065660942094,0.606478459806513,2.44546256928849,-2.48024411778528
0.233040363775816,0.603641218957387,2.44370359476572,-2.48267395526631
0.234029240570915,0.60080888706756,2.44189703966649,-2.48508642846054
0.235032266605521,0.597981534945181,2.44004265192785,-2.48748132742384
0.236049416804037,0.595159233273908,2.43814018531501,-2.48985844076023
0.237080665737761,0.592342052611133,2.43618939970433,-2.49221755565178
0.238125987625522,0.589530063386228,2.43419006137167,-2.4945584578905
0.239185356334329,0.586723335898776,2.43214194328591,-2.49688093191224
0.240258745380018,0.583921940316819,2.4300448254073,-2.4991847608326
0.241346127927919,0.5811259466751,2.42789849499081,-2.50146972648496
0.242447476793526,0.578335424873314,2.42570274689395,-2.50373560946064
0.243562764443174,0.575550444674361,2.42345738388914,-2.5059821891513
0.244691962994729,0.572771075702601,2.42116221698023,-2.50820924379349
0.245835044218288,0.569997387442114,2.41881706572299,-2.51041655051553
0.246991979536878,0.567229449234962,2.4164217585494,-2.51260388538668
0.248162740027177,0.564467330279455,2.41397613309524,-2.51477102346866
0.249347296420235,0.561711099628424,2.41148003653095,-2.51691773886958
0.250545619102201,0.558960826187491,2.40893332589525,-2.51904380480026
0.251757678115073,0.55621657871335,2.40633586843125,-2.52114899363305
0.252983443157438,0.553478425812044,2.40368754192468,-2.52323307696307
0.254222883585233,0.550746435937252,2.40098823504387,-2.52529582567203
0.255475968412513,0.548020677388581,2.39823784768105,-2.52733700999454
0.256742666312222,0.54530121830985,2.39543629129454,-2.52935639958698
0.258022945616979,0.542588126687397,2.39258348925145,-2.531353763599
0.259316774319867,0.539881470348369,2.38967937717028,-2.5333288707475
0.260624120075237,0.537181316959035,2.38672390326306,-2.53528148939333
0.261944950199512,0.534487734023089,2.38371702867651,-2.53721138762052
0.263279231672008,0.531800788879963,2.3806587278315,-2.53911833331811
0.264626931135759,0.529120548703146,2.37754898876051,-2.54100209426465
0.265988014898347,0.526447080498504,2.37438781344232,-2.54286243821525
0.26736244893275,0.523780451102601,2.37117521813342,-2.5446991329912
0.268750198878188,0.521120727181035,2.36791123369551,-2.54651194657223
0.270151230040984,0.518467975226764,2.36459590591836,-2.54830064719124
0.271565507395434,0.515822261558449,2.36122929583751,-2.55006500343159
0.272992995584676,0.513183652318794,2.35781148004609,-2.55180478432689
0.27443365892158,0.510552213472893,2.35434255099996,-2.55351975946321
0.275887461389637,0.50792801080658,2.35082261731564,-2.55520969908371
0.277354366643863,0.505311109924785,2.34725180406018,-2.55687437419558
0.278834338011701,0.502701576249893,2.34363025303225,-2.55851355667939
0.280327338493945,0.500099475020111,2.33995812303383,-2.56012701940051
0.28183333076566,0.497504871287833,2.33623559013153,-2.56171453632282
0.283352277177119,0.494917829918018,2.33246284790701,-2.56327588262444
0.284884139754739,0.492338415586566,2.32864010769558,-2.56481083481551
0.286428880202036,0.4897666927787,2.32476759881227,-2.56631917085777
0.28798645990058,0.487202725787356,2.32084556876456,-2.56780067028612
0.28955683991096,0.484646578711576,2.31687428345113,-2.56925511433172
0.291139980973755,0.482098315454904,2.31285402734569,-2.57068228604678
0.292735843510523,0.479557999723788,2.30878510366523,-2.57208197043082
0.294344387624784,0.47702569502599,2.30466783452197,-2.57345395455822
0.295965573103018,0.474501464668994,2.3005025610582,-2.57479802770708
0.297599359415672,0.471985371758428,2.2962896435633,-2.57611398148908
0.299245705718174,0.469477479196484,2.29202946157235,-2.57740160998031
0.300904570851953,0.466977849680346,2.28772241394542,-2.57866070985286
0.302575913345465,0.464486545700621,2.28336891892712,-2.57989108050707
0.304259691415237,0.462003629539778,2.27896941418564,-2.58109252420421
0.305955862966903,0.459529163270593,2.27452435683063,-2.58226484619941
0.307664385596264,0.457063208754594,2.27003422340952,-2.58340785487481
0.309385216590342,0.454605827640514,2.26549950988157,-2.58452136187252
0.311118312928453,0.452157081362754,2.26092073156922,-2.58560518222738
0.312863631283278,0.449717031139844,2.25629842308628,-2.5866591344993
0.314621128021949,0.44728573797291,2.25163313824255,-2.58768304090488
0.316390759207139,0.444863262644158,2.24692544992446,-2.58867672744828
0.318172480598162,0.442449665715342,2.24217594995145,-2.58964002405095
0.319966247652074,0.44004500752626,2.23738524890777,-2.59057276468021
0.321772015524793,0.437649348193244,2.23255397594958,-2.59147478747627
0.323589739072216,0.43526274760765,2.22768277858706,-2.59234593487768
0.32541937285135,0.432885265434368,2.22277232244153,-2.59318605374485
0.327260871121445,0.430516961110331,2.2178232909775,-2.59399499548146
0.329114187845139,0.428157893843022,2.21283638520965,-2.59477261615366
0.330979276689613,0.425808122609,2.20781232338491,-2.59551877660665
0.332856091027741,0.423467706152424,2.20275184063961,-2.5962333425786
0.334744583939263,0.421136702983583,2.19765568863219,-2.59691618481165
0.336644708211954,0.418815171377435,2.19252463515144,-2.59756717915975
0.338556416342807,0.416503169372149,2.18735946370087,-2.59818620669314
0.340479660539218,0.414200754767655,2.1821609730595,-2.59877315379937
0.342414392720182,0.411907985124198,2.17692997681952,-2.59932791228047
0.344360564517495,0.4096249177609,2.17166730290153,-2.59985037944634
0.346318127276965,0.407351609754326,2.16637379304779,-2.60034045820391
0.348287032059623,0.405088117937057,2.16105030229424,-2.60079805714208
0.350267229642953,0.402834498896272,2.1556976984221,-2.60122309061217
0.352258670522118,0.400590808972328,2.15031686138969,-2.60161547880382
0.354261304911201,0.398357104257358,2.14490868274554,-2.60197514781601
0.356275082744445,0.396133440593863,2.1394740650235,-2.60230202972325
0.35829995367751,0.393919873573318,2.13401392112099,-2.60259606263665
0.360335867088728,0.391716458534784,2.12852917366139,-2.60285719075984
0.362382772080369,0.389523250563521,2.12302075434154,-2.60308536443955
0.364440617479916,0.387340304489616,2.11748960326563,-2.60328054021085
0.36650935184134,0.385167674886605,2.1119366682666,-2.60344268083674
0.368588923446391,0.383005416070117,2.10636290421611,-2.60357175534231
0.370679280305887,0.380853582096508,2.10076927232462,-2.60366773904312
0.372780370161014,0.378712226761517,2.09515673943259,-2.6037306135679
0.374892140484636,0.376581403598914,2.08952627729418,-2.60376036687543
0.377014538482605,0.374461165879168,2.08387886185484,-2.60375699326567
0.379147511095082,0.372351566608112,2.07821547252407,-2.60372049338498
0.381291004997862,0.370252658525618,2.07253709144472,-2.60365087422555
0.383444966603709,0.368164494104277,2.06684470276012,-2.60354814911895
0.385609342063695,0.366087125548093,2.06113929188056,-2.60341233772384
0.387784077268547,0.36402060479117,2.05542184475034,-2.60324346600788
0.389969117849998,0.36196498349642,2.04969334711682,-2.6030415662239
0.392164409182147,0.359920313054269,2.04395478380277,-2.60280667688029
0.394369896382825,0.35788664458137,2.03820713798343,-2.60253884270581
0.396585524314967,0.35586402891933,2.0324513904695,-2.60223811460872
0.398811237587989,0.353852516633435,2.02668851899741,-2.60190454963057
0.401046980559177,0.351852158011388,2.02091949752811,-2.60153821089444
0.403292697335072,0.349863003062049,2.01514529555558,-2.60113916754801
0.405548331772872,0.347885101514189,2.00936687742633,-2.60070749470138
0.407813827481833,0.345918502815243,2.00358520167094,-2.60024327335997
0.410089127824681,0.343963256130077,1.99780122034882,-2.59974659035239
0.412374175919025,0.342019410339756,1.99201587840721,-2.59921753825368
0.414668914638782,0.340087014040323,1.98623011305546,-2.59865621530391
0.416973286615605,0.338166115541585,1.98044485315552,-2.59806272532237
0.419287234240312,0.336256762865906,1.9746610186296,-2.59743717761748
0.421610699664335,0.334359003747001,1.96887951988569,-2.59677968689272
0.423943624801158,0.33247288562875,1.96310125726197,-2.59609037314856
0.426285951327775,0.330598455664008,1.95732712049063,-2.59536936158079
0.428637620686145,0.328735760713427,1.95155798818187,-2.59461678247529
0.430998574084655,0.326884847344283,1.94579472732858,-2.59383277109954
0.433368752499595,0.325045761829314,1.94003819283243,-2.59301746759105
0.435748096676627,0.323218550145562,1.9342892270516,-2.59217101684283
0.438136547132271,0.321403257973224,1.92854865937075,-2.59129356838628
0.440534044155389,0.319599930694509,1.9228173057935,-2.59038527627153
0.442940527808681,0.317808613392507,1.91709596855767,-2.58944629894556
0.445355937930181,0.316029350850056,1.91138543577359,-2.58847679912829
0.447780214134762,0.314262187548626,1.90568648108555,-2.5874769436868
0.450213295815645,0.312507167667209,1.89999986335653,-2.58644690350795
0.452655122145914,0.310764335081211,1.89432632637625,-2.58538685336957
0.455105632080039,0.309033733361354,1.88866659859249,-2.58429697181046
0.457564764355398,0.307315405772592,1.88302139286565,-2.58317744099939
0.460032457493814,0.305609395273025,1.87739140624639,-2.58202844660325
0.462508649803085,0.303915744512826,1.87177731977612,-2.5808501776547
0.464993279378534,0.302234495833178,1.86617979831025,-2.57964282641927
0.46748628410455,0.300565691265208,1.86059949036374,-2.57840658826238
0.469987601656145,0.298909372528944,1.85503702797875,-2.57714166151625
0.47249716950051,0.297265581032269,1.84949302661404,-2.57584824734695
0.475014924898581,0.295634357869883,1.84396808505555,-2.57452654962182
0.477540804906603,0.294015743822282,1.83846278534795,-2.57317677477737
0.480074746377708,0.292409779354732,1.83297769274648,-2.57179913168779
0.48261668596349,0.290816504616261,1.82751335568866,-2.57039383153431
0.485166560115592,0.289235959438655,1.82207030578536,-2.56896108767555
0.487724305087295,0.287668183335461,1.81664905783063,-2.56750111551892
0.490289856935105,0.286113215500999,1.81125010982963,-2.56601413239329
0.492863151520362,0.284571094809385,1.80587394304425,-2.56450035742305
0.495444124510834,0.283041859813556,1.80052102205553,-2.56296001140365
0.498032711382331,0.281525548744306,1.7951917948425,-2.5613933166788
0.500628847420316,0.280022199509333,1.78988669287658,-2.55980049701929
0.503232467721523,0.278531849692291,1.78460613123102,-2.5581817775038
0.50584350719558,0.277054536551847,1.77935050870459,-2.55653738440151
0.508461900566637,0.275590297020752,1.77412020795895,-2.55486754505676
0.511087582374996,0.274139167704919,1.76891559566894,-2.55317248777585
0.513720486978747,0.272701184882505,1.76373702268519,-2.55145244171599
0.516360548555414,0.271276384503005,1.75858482420822,-2.54970763677643
0.519007701103594,0.269864802186355,1.75345931997353,-2.54793830349206
0.521661878444612,0.268466473222038,1.7483608144469,-2.54614467292917
0.524323014224172,0.267081432568208,1.74328959702929,-2.54432697658378
0.526991041914017,0.265709714850807,1.73824594227053,-2.54248544628237
0.529665894813596,0.264351354362707,1.73323011009143,-2.54062031408509
0.532347506051724,0.26300638506285,1.72824234601338,-2.53873181219151
0.535035808588261,0.261674840575398,1.72328288139499,-2.53682017284895
0.537730735215783,0.260356754188893,1.71835193367511,-2.53488562826331
0.540432218561265,0.259052158855428,1.71344970662158,-2.53292841051261
0.543140191087764,0.257761087189817,1.70857639058521,-2.530948751463
0.545854585096108,0.256483571468784,1.70373216275835,-2.52894688268745
0.548575332726587,0.255219643630157,1.69891718743754,-2.52692303538704
0.551302365960653,0.253969335272065,1.69413161628966,-2.52487744031485
0.554035616622617,0.252732677652152,1.68937558862111,-2.52281032770243
0.556775016381355,0.251509701686794,1.68464923164947,-2.52072192718888
0.559520496752015,0.250300437950327,1.67995266077722,-2.51861246775248
0.562271989097731,0.249104916674281,1.67528597986698,-2.5164821776449
0.565029424631339,0.247923167746626,1.67064928151793,-2.51433128432791
0.567792734417093,0.246755220711023,1.66604264734279,-2.51216001441261
0.570561849372392,0.245601104766087,1.66146614824524,-2.50996859360118
0.573336700269507,0.244460848764658,1.65691984469713,-2.50775724663095
0.57611721773731,0.243334481213075,1.65240378701526,-2.50552619722109
0.578903332263008,0.242222030270468,1.64791801563732,-2.50327566802146
0.581694974193885,0.241123523748055,1.64346256139666,-2.50100588056397
0.584492073739037,0.240038989108439,1.63903744579568,-2.49871705521618
0.587294560971121,0.23896845346493,1.63464268127732,-2.49640941113714
0.590102365828103,0.237911943580865,1.63027827149463,-2.49408316623551
0.592915418115006,0.236869485868935,1.62594421157801,-2.4917385371298
0.595733647505671,0.235841106390529,1.62164048839988,-2.48937573911081
0.59855698354451,0.234826830855079,1.61736708083662,-2.48699498610608
0.601385355648268,0.233826684619423,1.61312396002753,-2.48459649064645
0.60421869310779,0.232840692687162,1.60891108963063,-2.48218046383456
0.607056925089788,0.231868879708045,1.6047284260751,-2.47974711531535
0.609899980638609,0.230911269977345,1.60057591881026,-2.47729665324838
0.612747788678014,0.229967887435255,1.59645351055079,-2.47482928428211
0.615600278012948,0.22903875566629,1.59236113751833,-2.47234521352984
0.618457377331329,0.228123897898697,1.58829872967898,-2.46984464454753
0.62131901520582,0.22722333700387,1.58426621097695,-2.46732777931321
0.624185120095625,0.226337095495787,1.58026349956399,-2.46479481820813
0.627055620348271,0.225465195530437,1.57629050802464,-2.46224595999945
0.629930444201401,0.224607658905276,1.57234714359725,-2.4596814018245
0.632809519784567,0.223764507058674,1.56843330839063,-2.45710133917654
0.635692775121032,0.222935761069383,1.56454889959631,-2.45450596589198
0.638580138129561,0.22212144165601,1.56069380969641,-2.45189547413902
0.641471536626229,0.221321569176498,1.55686792666701,-2.4492700544076
0.644366898326224,0.220536163627617,1.55307113417704,-2.44662989550071
0.647266150845656,0.219765244644465,1.54930331178271,-2.44397518452695
0.650169221703362,0.219008831499976,1.54556433511739,-2.44130610689428
0.653076038322721,0.21826694310444,1.54185407607698,-2.438622846305
0.65598652803347,0.217539598005027,1.53817240300079,-2.43592558475179
0.658900618073518,0.216826814385328,1.53451918084797,-2.43321450251493
0.661818235590765,0.216128610064896,1.53089427136937,-2.43048977816046
0.664739307644925,0.215445002498802,1.52729753327505,-2.42775158853939
0.667663761209349,0.2147760087772,1.52372882239734,-2.4250001087879
0.67059152317285,0.214121645624899,1.52018799184947,-2.4222355123284
0.673522520341532,0.213481929400942,1.51667489217995,-2.41945797087153
0.676456679440618,0.212856876098202,1.51318937152258,-2.41666765441892
0.679393927116284,0.21224650134298,1.50973127574219,-2.41386473126688
0.68233418993749,0.211650820394612,1.50630044857629,-2.4110493680107
0.68527739439782,0.211069848145091,1.50289673177242,-2.40822172954985
0.688223466917314,0.210503599118693,1.49951996522153,-2.40538197909373
0.691172333844313,0.209952087471614,1.49616998708727,-2.40253027816818
0.694123921457298,0.209415326991616,1.49284663393131,-2.39966678662259
0.697078155966733,0.208893331097684,1.48954974083478,-2.39679166263761
0.700034963516908,0.208386112839688,1.48627914151584,-2.39390506273341
0.702994270187788,0.207893684898058,1.48303466844352,-2.39100714177851
0.705956001996861,0.207416059583467,1.47981615294777,-2.3880980529991
0.708920084900987,0.206953248836522,1.47662342532598,-2.38517794798886
0.711886444798246,0.206505264227468,1.47345631494584,-2.3822469767192
0.714855007529796,0.206072116955898,1.47031465034479,-2.37930528754994
0.717825698881723,0.20565381785047,1.467198259326,-2.37635302724041
0.720798444586898,0.20525037736864,1.46410696905098,-2.37339034096094
0.723773170326833,0.204861805596399,1.46104060612898,-2.3704173723046
0.72674980173354,0.204488112248022,1.45799899670316,-2.36743426329943
0.729728264391389,0.204129306665823,1.4549819665336,-2.36444115442083
0.732708483838968,0.203785397819921,1.45198934107729,-2.36143818460432
0.735690385570946,0.203456394308022,1.44902094556512,-2.35842549125858
0.738673895039935,0.203142304355195,1.44607660507602,-2.3554032102786
0.741658937658354,0.202843135813672,1.44315614460811,-2.35237147605928
0.744645438800293,0.202558896162653,1.4402593891473,-2.34933042150899
0.747633323803379,0.202289592508112,1.43738616373299,-2.34628017806354
0.750622517970643,0.202035231582629,1.43453629352128,-2.34322087570015
0.753612946572385,0.201795819745211,1.43170960384557,-2.34015264295171
0.756604534848047,0.201571362981144,1.42890592027471,-2.33707560692107
0.759597208008079,0.201361866901834,1.42612506866865,-2.33398989329555
0.762590891235805,0.201167336744672,1.42336687523189,-2.33089562636147
0.765585509689302,0.200987777372903,1.42063116656446,-2.3277929290189
0.768580988503264,0.200823193275501,1.41791776971085,-2.32468192279632
0.771577252790878,0.200673588567059,1.41522651220669,-2.32156272786554
0.774574227645691,0.200538966987689,1.41255722212335,-2.31843546305657
0.777571838143489,0.200419331902922,1.40990972811055,-2.31530024587253
0.780570009344165,0.20031468630363,1.40728385943697,-2.31215719250465
0.783568666293596,0.200225032805946,1.40467944602895,-2.30900641784728
0.786567734025514,0.200150373651204,1.40209631850737,-2.30584803551291
0.789567137563381,0.200090710705878,1.39953430822271,-2.30268215784719
0.792566801922266,0.20004604546154,1.39699324728838,-2.29950889594397
0.795566652110715,0.200016379034817,1.39447296861239,-2.29632835966031
0.798566613132631,0.200001712167369,1.39197330592739,-2.29314065763148
0.801566609989144,0.200002045225868,1.38949409381912,-2.28994589728594
0.804566567680489,0.200017378201985,1.38703516775332,-2.28674418486031
0.80756641120788,0.200047710712399,1.38459636410126,-2.28353562541419
0.810566065575384,0.200093041998797,1.38217752016373,-2.2803203228451
0.8135654557918,0.200153370927901,1.37977847419375,-2.27709837990326
0.816564506872527,0.200228695991489,1.3773990654179,-2.27386989820629
0.819563143841445,0.200319015306439,1.37503913405639,-2.27063497825397
0.822561291732786,0.200424326614773,1.37269852134193,-2.26739371944275
0.825558875593009,0.200544627283714,1.3703770695373,-2.26414622008039
0.828555820482673,0.200679914305752,1.3680746219519,-2.26089257740036
0.831552051478312,0.200830184298717,1.36579102295713,-2.25763288757621
0.834547493674308,0.200995433505868,1.36352611800067,-2.25436724573589
0.837542072184761,0.201175657795983,1.36127975361978,-2.25109574597593
0.840535712145365,0.201370852663464,1.35905177745361,-2.24781848137556
0.843528338715276,0.20158101322845,1.35684203825454,-2.24453554401069
0.846519877078987,0.201806134236938,1.35465038589857,-2.24124702496786
0.849510252448194,0.202046210060914,1.3524766713949,-2.23795301435799
0.852499390063668,0.202301234698496,1.35032074689456,-2.23465360133012
0.855487215197125,0.202571201774079,1.34818246569836,-2.23134887408499
0.858473653153092,0.202856104538503,1.34606168226389,-2.22803891988852
0.861458629270775,0.203155935869211,1.34395825221192,-2.22472382508519
0.864442068925928,0.203470688270437,1.34187203233198,-2.22140367511127
0.867423897532714,0.203800353873387,1.33980288058725,-2.21807855450798
0.870404040545573,0.204144924436439,1.33775065611885,-2.21474854693451
0.873382423461086,0.204504391345345,1.3357152192494,-2.21141373518093
0.876358971819834,0.204878745613453,1.33369643148606,-2.20807420118096
0.879333611208263,0.205267977881924,1.33169415552289,-2.20473002602466
0.882306267260545,0.205672078419972,1.32970825524272,-2.20138128997096
0.885276865660431,0.206091037125106,1.32773859571844,-2.19802807246009
0.888245332143118,0.206524843523378,1.32578504321382,-2.19467045212587
0.891211592497097,0.206973486769653,1.32384746518375,-2.19130850680791
0.894175572566014,0.207436955647871,1.32192573027411,-2.18794231356363
0.897137198250522,0.207915238571335,1.32001970832114,-2.18457194868023
0.900096395510133,0.208408323582998,1.31812927035037,-2.18119748768649
0.903053090365069,0.208916198355759,1.31625428857516,-2.17781900536443
0.906007208898114,0.209438850192775,1.31439463639488,-2.17443657576089
0.908958677256458,0.209976266027778,1.31255018839262,-2.17105027219898
0.911907421653546,0.210528432425401,1.31072082033266,-2.16766016728936
0.914853368370919,0.21109533558151,1.30890640915752,-2.16426633294146
0.917796443760066,0.211676961323559,1.30710683298476,-2.16086884037453
0.920736574244255,0.212273295110932,1.30532197110339,-2.15746776012859
0.923673686320375,0.212884322035317,1.30355170397007,-2.15406316207526
0.926607706560779,0.213510026821072,1.30179591320496,-2.15065511542846
0.929538561615112,0.21415039382561,1.30005448158743,-2.14724368875498
0.932466178212153,0.21480540703979,1.29832729305134,-2.14382894998495
0.935390483161637,0.215475050088315,1.29661423268027,-2.14041096642218
0.938311403356094,0.216159306230143,1.29491518670244,-2.13698980475439
0.941228865772671,0.216858158358908,1.2932300424854,-2.1335655310633
0.944142797474959,0.217571589003341,1.29155868853059,-2.13013821083461
0.947053125614817,0.218299580327715,1.28990101446766,-2.12670790896789
0.949959777434194,0.219042114132283,1.28825691104867,-2.12327468978635
0.952862680266946,0.21979917185374,1.28662627014207,-2.11983861704642
0.955761761540653,0.220570734565683,1.28500898472655,-2.11639975394733
0.958656948778433,0.221356782979082,1.2834049488848,-2.11295816314053
0.961548169600758,0.222157297442769,1.28181405779702,-2.10951390673894
0.964435351727256,0.222972257943924,1.28023620773444,-2.10606704632618
0.967318422978526,0.223801644108577,1.2786712960526,-2.10261764296564
0.970197311277936,0.224645435202117,1.27711922118465,-2.09916575720948
0.973071944653428,0.225503610129811,1.27557988263441,-2.09571144910746
0.975942251239318,0.226376147437329,1.27405318096948,-2.09225477821568
0.978808159278091,0.227263025311286,1.27253901781416,-2.08879580360532
0.981669597122195,0.22816422157978,1.27103729584233,-2.08533458387111
0.984526493235832,0.229079713712951,1.26954791877031,-2.08187117713979
0.98737877619675,0.230009478823544,1.26807079134956,-2.0784056410785
0.990226374698021,0.230953493667479,1.26660581935939,-2.07493803290297
0.993069217549833,0.231911734644435,1.26515290959963,-2.0714684093857
0.995907233681262,0.232884177798436,1.26371196988318,-2.067996826864
0.998740352142052,0.233870798818456,1.26228290902863,-2.06452334124792
1.00156850210439,0.234871573039019,1.26086563685273,-2.06104800802814
1.00439161286467,0.235886475440823,1.25946006416293,-2.0575708822837
1.00720961384528,0.23691548065136,1.25806610274983,-2.05409201868967
1.01002243459633,0.237958562945553,1.25668366537966,-2.05061147152473
1.01283000479746,0.239015696246399,1.25531266578669,-2.04712929467865
1.01563225425955,0.240086854125621,1.25395301866568,-2.0436455416597
1.01842911292652,0.241172009804329,1.25260463966429,-2.04016026560191
1.02122051087704,0.242271136153685,1.25126744537555,-2.03667351927233
1.02400637832631,0.243384205695589,1.2499413533302,-2.03318535507813
1.02678664562779,0.244511190603361,1.2486262819892,-2.02969582507367
1.02956124327494,0.245652062702435,1.2473221507361,-2.02620498096742
1.03233010190296,0.24680679347107,1.24602887986954,-2.02271287412889
1.03509315229054,0.247975354041056,1.2447463905957,-2.01921955559539
1.03785032536155,0.24915771519844,1.24347460502075,-2.01572507607875
1.04060155218682,0.250353847384254,1.2422134461434,-2.01222948597196
1.04334676398582,0.251563720695256,1.24096283784736,-2.00873283535573
1.04608589212839,0.252787304884676,1.23972270489398,-2.00523517400498
1.04881886813647,0.254024569362974,1.23849297291473,-2.00173655139521
1.05154562368581,0.255275483198601,1.23727356840388,-1.99823701670886
1.05426609060766,0.256540015118777,1.2360644187111,-1.99473661884157
1.05698020089048,0.25781813351027,1.23486545203415,-1.99123540640835
1.05968788668167,0.259109806420187,1.2336765974116,-1.98773342774969
1.06238908028922,0.260415001556772,1.23249778471554,-1.98423073093759
1.06508371418342,0.261733686290215,1.23132894464443,-1.98072736378159
1.06777172099858,0.263065827653465,1.23017000871587,-1.97722337383459
1.07045303353466,0.264411392343059,1.22902090925952,-1.97371880839876
1.07312758475899,0.26577034671995,1.22788157940997,-1.97021371453127
1.07579530780792,0.267142656810348,1.22675195309977,-1.96670813905001
1.07845613598852,0.268528288306572,1.22563196505237,-1.96320212853924
1.08111000278023,0.269927206567908,1.22452155077522,-1.95969572935514
1.0837568418365,0.271339376621472,1.22342064655288,-1.95618898763135
1.08639658698651,0.272764763163086,1.22232918944017,-1.95268194928445
1.08902917223676,0.274203330558161,1.22124711725535,-1.94917466001929
1.09165453177276,0.275655042842587,1.22017436857345,-1.94566716533439
1.09427259996066,0.277119863723632,1.21911088271953,-1.9421595105272
1.09688331134888,0.27859775658085,1.21805659976208,-1.9386517406993
1.09948660066979,0.280088684466998,1.21701146050642,-1.9351439007616
1.10208240284127,0.281592610108955,1.21597540648821,-1.93163603543942
1.10467065296841,0.28310949590866,1.21494837996694,-1.92812818927759
1.1072512863451,0.284639303944045,1.2139303239196,-1.92462040664539
1.10982423845564,0.28618199596999,1.21292118203425,-1.92111273174157
1.11238944497635,0.287737533419274,1.21192089870377,-1.91760520859919
1.1149468417772,0.289305877403542,1.21092941901962,-1.91409788109051
1.11749636492342,0.290886988714278,1.20994668876564,-1.91059079293176
1.12003795067704,0.292480827823778,1.20897265441199,-1.90708398768794
1.12257153549857,0.29408735488615,1.20800726310902,-1.90357750877745
1.12509705604852,0.2957065297383,1.20705046268132,-1.90007139947679
1.12761444918899,0.297338311900941,1.20610220162175,-1.89656570292517
1.1301236519853,0.298982660579605,1.20516242908559,-1.89306046212906
1.1326246017075,0.300639534665659,1.2042310948847,-1.88955571996671
1.13511723583198,0.302308892737339,1.20330814948174,-1.88605151919263
1.13760149204302,0.303990693060779,1.20239354398451,-1.882547902442
1.14007730823434,0.305684893591058,1.20148723014028,-1.87904491223509
1.14254462251067,0.307391451973252,1.20058916033022,-1.87554259098159
1.14500337318928,0.30911032554349,1.19969928756387,-1.87204098098491
1.14745349880153,0.310841471330022,1.19881756547368,-1.86854012444647
1.1498949380944,0.312584846054294,1.19794394830963,-1.86504006346987
1.15232763003204,0.314340406132028,1.19707839093384,-1.86154084006516
1.15475151379729,0.316108107674315,1.19622084881533,-1.85804249615293
1.15716652879316,0.317887906488707,1.19537127802478,-1.85454507356841
1.15957261464442,0.319679758080326,1.19452963522938,-1.85104861406559
1.16196971119904,0.321483617652977,1.1936958776877,-1.84755315932126
1.16435775852973,0.323299440110264,1.19286996324467,-1.84405875093897
1.16673669693544,0.32512718005672,1.19205185032658,-1.840565430453
1.16910646694282,0.326966791798942,1.19124149793613,-1.83707323933236
1.17146700930776,0.328818229346732,1.19043886564762,-1.83358221898462
1.17381826501681,0.330681446414247,1.1896439136021,-1.83009241075981
1.1761601752887,0.332556396421158,1.18885660250258,-1.82660385595424
1.1784926815758,0.334443032493813,1.18807689360941,-1.82311659581433
1.18081572556558,0.336341307466408,1.18730474873559,-1.81963067154035
1.18312924918205,0.338251173882167,1.18654013024221,-1.81614612429019
1.18543319458725,0.340172583994529,1.18578300103389,-1.81266299518305
1.18772750418266,0.342105489768343,1.18503332455436,-1.80918132530314
1.19001212061065,0.344049842881063,1.18429106478203,-1.80570115570332
1.19228698675595,0.346005594723965,1.18355618622559,-1.80222252740875
1.194552045747,0.347972696403352,1.18282865391979,-1.79874548142043
1.19680724095746,0.349951098741787,1.1821084334211,-1.79527005871885
1.19905251600757,0.351940752279313,1.18139549080359,-1.79179630026746
1.20128781476556,0.353941607274695,1.18068979265476,-1.78832424701625
1.20351308134908,0.355953613706663,1.17999130607147,-1.78485393990517
1.20572826012658,0.357976721275162,1.17929999865587,-1.78138541986766
1.20793329571871,0.360010879402606,1.17861583851148,-1.77791872783407
1.2101281329997,0.362056037235149,1.17793879423922,-1.77445390473505
1.21231271709872,0.364112143643952,1.17726883493356,-1.77099099150497
1.21448699340129,0.366179147226462,1.17660593017868,-1.76753002908528
1.21665090755061,0.368256996307695,1.17595005004471,-1.76407105842786
1.21880440544894,0.370345638941535,1.17530116508401,-1.76061412049833
1.22094743325895,0.372445022912023,1.17465924632751,-1.75715925627934
1.22307993740505,0.37455509573467,1.17402426528107,-1.7537065067739
1.22520186457476,0.376675804657765,1.17339619392193,-1.75025591300855
1.22731316171999,0.378807096663695,1.17277500469518,-1.74680751603669
1.22941377605844,0.380948918470272,1.1721606705103,-1.7433613569417
1.23150365507485,0.383101216532061,1.17155316473771,-1.73991747684022
1.23358274652236,0.385263937041724,1.17095246120543,-1.73647591688524
1.23565099842378,0.38743702593136,1.17035853419574,-1.73303671826932
1.23770835907294,0.38962042887386,1.16977135844187,-1.72959992222768
1.23975477703592,0.391814091284264,1.16919090912482,-1.72616557004133
1.24179020115237,0.394017958321126,1.16861716187014,-1.72273370304018
1.24381458053681,0.396231974887885,1.16805009274477,-1.71930436260606
1.24582786457985,0.398456085634243,1.16748967825399,-1.71587759017585
1.24783000294949,0.400690234957546,1.16693589533832,-1.71245342724447
1.24982094559238,0.402934367004178,1.16638872137056,-1.70903191536791
1.25180064273507,0.405188425670954,1.16584813415277,-1.70561309616624
1.25376904488521,0.407452354606525,1.1653141119134,-1.70219701132661
1.25572610283287,0.409726097212786,1.16478663330438,-1.69878370260616
1.25767176765169,0.41200959664629,1.16426567739829,-1.69537321183507
1.25960599070016,0.41430279581967,1.16375122368558,-1.69196558091938
1.2615287236228,0.416605637403066,1.16324325207179,-1.68856085184403
1.26343991835139,0.418918063825558,1.16274174287488,-1.68515906667564
1.26533952710615,0.421240017276608,1.16224667682251,-1.68176026756548
1.26722750239697,0.423571439707497,1.16175803504945,-1.67836449675233
1.26910379702457,0.425912272832789,1.16127579909496,-1.67497179656529
1.27096836408168,0.428262458131776,1.16079995090026,-1.67158220942667
1.27282115695421,0.430621936849948,1.16033047280599,-1.66819577785477
1.27466212932244,0.432990650000461,1.15986734754975,-1.66481254446671
1.27649123516217,0.435368538365609,1.15941055826368,-1.66143255198124
1.27830842874583,0.437755542498306,1.15896008847202,-1.65805584322146
1.28011366464368,0.440151602723574,1.15851592208878,-1.65468246111766
1.28190689772493,0.442556659140032,1.15807804341539,-1.65131244870998
1.28368808315883,0.444970651621394,1.15764643713842,-1.64794584915121
1.28545717641584,0.447393519817975,1.15722108832731,-1.64458270570949
1.28721413326873,0.449825203158196,1.15680198243216,-1.64122306177098
1.28895890979366,0.452265640850099,1.15638910528156,-1.63786696084261
1.29069146237132,0.45471477188287,1.15598244308039,-1.63451444655467
1.29241174768797,0.45717253502836,1.15558198240772,-1.63116556266356
1.29411972273657,0.459638868842619,1.15518771021477,-1.62782035305437
1.29581534481785,0.46211371166743,1.15479961382276,-1.62447886174351
1.29749857154132,0.464597001631851,1.15441768092098,-1.62114113288137
1.29916936082642,0.467088676653762,1.15404189956475,-1.61780721075488
1.3008276709035,0.469588674441417,1.15367225817344,-1.61447713979011
1.30247346031488,0.472096932495003,1.15330874552861,-1.61115096455485
1.30410668791594,0.474613388108198,1.15295135077204,-1.60782872976113
1.30572731287604,0.477137978369743,1.1526000634039,-1.60451048026782
1.30733529467967,0.479670640165014,1.1522548732809,-1.60119626108309
1.30893059312735,0.482211310177596,1.15191577061445,-1.59788611736699
1.31051316833672,0.484759924890872,1.15158274596894,-1.59458009443388
1.31208298074346,0.487316420589608,1.1512557902599,-1.59127823775497
1.31363999110235,0.489880733361543,1.15093489475235,-1.58798059296074
1.31518416048822,0.492452799098992,1.15062005105904,-1.58468720584343
1.31671545029691,0.495032553500445,1.15031125113881,-1.58139812235945
1.31823382224626,0.497619932072177,1.1500084872949,-1.57811338863182
1.31973923837704,0.500214870129858,1.14971175217336,-1.57483305095254
1.32123166105393,0.502817302800173,1.14942103876144,-1.57155715578502
1.32271105296644,0.50542716502244,1.14913634038601,-1.56828574976644
1.32417737712985,0.508044391550238,1.14885765071201,-1.56501887971008
1.32563059688613,0.510668916953041,1.14858496374089,-1.56175659260771
1.32707067590487,0.513300675617851,1.14831827380916,-1.55849893563186
1.32849757818417,0.515939601750839,1.14805757558685,-1.55524595613818
1.32991126805153,0.518585629378988,1.14780286407611,-1.55199770166766
1.33131171016479,0.521238692351746,1.14755413460968,-1.54875421994899
1.33269886951297,0.523898724342676,1.14731138284956,-1.54551555890073
1.33407271141716,0.526565658851117,1.14707460478554,-1.5422817666336
1.33543320153138,0.529239429203846,1.14684379673387,-1.53905289145268
1.33678030584344,0.531919968556742,1.14661895533585,-1.53582898185962
1.33811399067582,0.534607209896462,1.14640007755653,-1.53261008655479
1.33943422268646,0.537301086042112,1.14618716068336,-1.52939625443949
1.34074096886963,0.540001529646929,1.1459802023249,-1.52618753461805
1.34203419655674,0.542708473199963,1.14577920040949,-1.52298397639996
1.34331387341716,0.545421849027766,1.14558415318404,-1.519785629302
1.34457996745905,0.548141589296085,1.14539505921271,-1.51659254305028
1.34583244703011,0.550867626011553,1.14521191737572,-1.51340476758233
1.34707128081843,0.553599891023396,1.14503472686808,-1.51022235304914
1.34829643785322,0.556338316025129,1.1448634871984,-1.50704534981714
1.34950788750562,0.559082832556271,1.1446981981877,-1.50387380847024
1.35070559948945,0.561833372004052,1.1445388599682,-1.50070777981177
1.35188954386198,0.564589865605128,1.14438547298216,-1.49754731486645
1.35305969102466,0.567352244447303,1.14423803798073,-1.49439246488227
1.35421601172387,0.570120439471249,1.14409655602278,-1.49124328133248
1.35535847705164,0.572894381472237,1.14396102847379,-1.48809981591735
1.35648705844642,0.575674001101858,1.14383145700468,-1.48496212056612
1.35760172769372,0.578459228869769,1.14370784359077,-1.48183024743875
1.35870245692687,0.581249995145419,1.14359019051057,-1.47870424892778
1.35978921862769,0.584046230159798,1.14347850034478,-1.47558417766004
1.36086198562721,0.586847864007174,1.14337277597514,-1.47247008649845
1.3619207311063,0.589654826646849,1.14327302058336,-1.46936202854368
1.36296542859637,0.592467047904903,1.14317923765006,-1.46626005713587
1.36399605198005,0.59528445747595,1.14309143095369,-1.4631642258563
1.36501257549181,0.598106984924898,1.14300960456947,-1.46007458852895
1.3660149737186,0.600934559688707,1.14293376286833,-1.45699119922219
1.36700322160054,0.603767111078156,1.14286391051587,-1.45391411225025
1.36797729443146,0.606604568279607,1.14280005247129,-1.45084338217482
1.36893716785961,0.609446860356779,1.14274219398637,-1.4477790638065
1.36988281788819,0.612293916252517,1.14269034060442,-1.4447212122063
1.37081422087601,0.615145664790573,1.14264449815921,-1.44166988268706
1.37173135353803,0.618002034677382,1.142604672774,-1.43862513081483
1.37263419294599,0.620862954503844,1.14257087086043,-1.43558701241023
1.37352271652896,0.623728352747113,1.14254309911754,-1.43255558354981
1.37439690207388,0.626598157772383,1.14252136453069,-1.42953090056728
1.37525672772617,0.629472297834678,1.14250567437056,-1.42651302005478
1.37610217199022,0.632350701080645,1.14249603619209,-1.4235019988641
1.37693321372998,0.635233295550353,1.14249245783343,-1.42049789410783
1.37774983216945,0.63812000917909,1.14249494741492,-1.41750076316048
1.3785520068932,0.641010769799168,1.14250351333804,-1.41451066365957
1.37933971784691,0.643905505141719,1.14251816428432,-1.41152765350667
1.38011294533785,0.646804142838512,1.14253890921433,-1.40855179086841
1.38087167003537,0.649706610423755,1.14256575736661,-1.40558313417738
1.3816158729714,0.65261283533591,1.14259871825655,-1.40262174213312
1.38234553554089,0.655522744919505,1.14263780167538,-1.39966767370289
1.38306063950232,0.658436266426951,1.14268301768907,-1.39672098812254
1.38376116697814,0.661353327020365,1.1427343766372,-1.39378174489724
1.38444710045518,0.664273853773381,1.14279188913189,-1.3908500038022
1.38511842278516,0.667197773672985,1.14285556605669,-1.38792582488336
1.38577511718503,0.670125013621329,1.14292541856545,-1.38500926845794
1.38641716723749,0.673055500437569,1.14300145808117,-1.38210039511505
1.38704455689131,0.675989160859686,1.1430836962949,-1.37919926571615
1.38765727046178,0.678925921546323,1.14317214516452,-1.37630594139552
1.4,0.8,1.15219795063627,-1.2661036727795
1.4,0.8,1.15219795063627,-1.2661036727795
1.4,0.8,1.15219795063627,-1.2661036727795
1.4,0.8,1.15219795063627,-1.2661036727795
1.4,0.8,1.15219795063627,-1.2661036727795
1.4,0.8,1.15219795063627,-1.2661036727795
1.4,0.8,1.15219795063627,-1.2661036727795
1.4,0.8,1.15219795063627,-1.2661036727795
1.4,0.8,1.15219795063627,-1.2661036727795
1.4,0.8,1.15219795063627,-1.2661036727795
1.4,0.8,1.15219795063627,-1.2661036727795
1.4,0.8,1.15219795063627,-1.2661036727795
1.4,0.8,1.15219795063627,-1.2661036727795
1.4,0.8,1.15219795063627,-1.2661036727795
1.4,0.8,1.15219795063627,-1.2661036727795
1.4,0.8,1.15219795063627,-1.2661036727795
1.4,0.8,1.15219795063627,-1.2661036727795
1.4,0.8,1.15219795063627,-1.2661036727795
1.4,0.8,1.15219795063627,-1.2661036727795
1.4,0.8,1.15219795063627,-1.2661036727795
1.4,0.8,1.15219795063627,-1.2661036727795
1.4,0.8,1.15219795063627,-1.2661036727795
1.4,0.8,1.15219795063627,-1.2661036727795
1.4,0.8,1.15219795063627,-1.2661036727795
1.4,0.8,1.15219795063627,-1.2661036727795
1.4,0.8,1.15219795063627,-1.2661036727795
1.4,0.8,1.15219795063627,-1.2661036727795
1.4,0.8,1.15219795063627,-1.2661036727795
1.4,0.8,1.15219795063627,-1.2661036727795
1.4,0.8,1.15219795063627,-1.2661036727795
1.4,0.8,1.15219795063627,-1.2661036727795
1.4,0.8,1.15219795063627,-1.2661036727795
1.4,0.8,1.15219795063627,-1.2661036727795
1.4,0.8,1.15219795063627,-1.2661036727795
1.4,0.8,1.15219795063627,-1.2661036727795
1.4,0.8,1.15219795063627,-1.2661036727795
1.4,0.8,1.15219795063627,-1.2661036727795
1.4,0.8,1.15219795063627,-1.2661036727795
1.4,0.8,1.15219795063627,-1.2661036727795
1.4,0.8,1.15219795063627,-1.2661036727795
1.4,0.8,1.15219795063627,-1.2661036727795
1.4,0.8,1.15219795063627,-1.2661036727795
1.4,0.8,1.15219795063627,-1.2661036727795
1.4,0.8,1.15219795063627,-1.2661036727795
1.4,0.8,1.15219795063627,-1.2661036727795
1.4,0.8,1.15219795063627,-1.2661036727795
1.4,0.8,1.15219795063627,-1.2661036727795
1.4,0.8,1.15219795063627,-1.2661036727795
1.4,0.8,1.15219795063627,-1.2661036727795
1.4,0.8,1.15219795063627,-1.2661036727795
1.4,0.8,1.15219795063627,-1.2661036727795
1.4,0.8,1.15219795063627,-1.2661036727795
1.4,0.8,1.15219795063627,-1.2661036727795
1.4,0.8,1.15219795063627,-1.2661036727795
1.4,0.8,1.15219795063627,-1.2661036727795
1.4,0.8,1.15219795063627,-1.2661036727795
1.4,0.8,1.15219795063627,-1.2661036727795
1.4,0.8,1.15219795063627,-1.2661036727795
1.4,0.8,1.15219795063627,-1.2661036727795
1.4,0.8,1.15219795063627,-1.2661036727795
1.4,0.8,1.15219795063627,-1.2661036727795
1.4,0.8,1.15219795063627,-1.2661036727795
1.4,0.8,1.15219795063627,-1.2661036727795
1.4,0.8,1.15219795063627,-1.2661036727795
1.4,0.8,1.15219795063627,-1.2661036727795
1.4,0.8,1.15219795063627,-1.2661036727795
1.4,0.8,1.15219795063627,-1.2661036727795
1.4,0.8,1.15219795063627,-1.2661036727795
1.4,0.8,1.15219795063627,-1.2661036727795
1.4,0.8,1.15219795063627,-1.2661036727795
1.4,0.8,1.15219795063627,-1.2661036727795
1.4,0.8,1.15219795063627,-1.2661036727795
1.4,0.8,1.15219795063627,-1.2661036727795
1.4,0.8,1.15219795063627,-1.2661036727795
1.4,0.8,1.15219795063627,-1.2661036727795
1.4,0.8,1.15219795063627,-1.2661036727795
1.4,0.8,1.15219795063627,-1.2661036727795
1.4,0.8,1.15219795063627,-1.2661036727795
1.4,0.8,1.15219795063627,-1.2661036727795
1.4,0.8,1.15219795063627,-1.2661036727795
2,0,0,0
2,0,0,0
2,0,0,0
2,0,0,0
2,0,0,0
2,0,0,0
2,0,0,0
2,0,0,0
2,0,0,0
2,0,0,0
2,0,0,0
2,0,0,0
2,0,0,0
2,0,0,0
2,0,0,0
2,0,0,0
2,0,0,0
2,0,0,0
2,0,0,0
2,0,0,0
2,0,0,0
2,0,0,0
2,0,0,0
2,0,0,0
2,0,0,0
2,0,0,0
2,0,0,0
2,0,0,0
2,0,0,0
2,0,0,0
2,0,0,0
2,0,0,0
2,0,0,0
2,0,0,0
2,0,0,0
2,0,0,0
2,0,0,0
2,0,0,0
2,0,0,0
2,0,0,0
2,0,0,0
2,0,0,0
2,0,0,0
2,0,0,0
2,0,0,0
2,0,0,0
2,0,0,0
2,0,0,0
2,0,0,0
2,0,0,0
2,0,0,0
2,0,0,0
2,0,0,0
2,0,0,0
2,0,0,0
2,0,0,0
2,0,0,0
2,0,0,0
2,0,0,0
2,0,0,0
2,0,0,0
2,0,0,0
2,0,0,0
2,0,0,0
2,0,0,0
2,0,0,0
2,0,0,0
2,0,0,0
2,0,0,0
2,0,0,0
2,0,0,0
2,0,0,0
2,0,0,0
2,0,0,0
2,0,0,0
2,0,0,0
2,0,0,0
2,0,0,0
2,0,0,0
2,0,0,0
2,0,0,0
2,0,0,0
2,0,0,0
2,0,0,0
2,0,0,0
2,0,0,0
2,0,0,0
2,0,0,0
2,0,0,0
2,0,0,0
2,0,0,0
2,0,0,0
2,0,0,0
2,0,0,0
2,0,0,0
2,0,0,0
2,0,0,0
2,0,0,0
2,0,0,0
2,0,0,0
2,0,0,0
2,0,0,0
2,0,0,0
2,0,0,0
2,0,0,0
2,0,0,0
2,0,0,0
2,0,0,0
2,0,0,0
2,0,0,0
2,0,0,0
2,0,0,0
2,0,0,0
2,0,0,0
2,0,0,0
2,0,0,0
2,0,0,0
2,0,0,0
2,0,0,0
2,0,0,0
2,0,0,0
2,0,0,0
2,0,0,0
2,0,0,0
2,0,0,0
2,0,0,0
2,0,0,0
2,0,0,0
2,0,0,0
2,0,0,0
2,0,0,0
2,0,0,0
2,0,0,0
2,0,0,0
2,0,0,0
2,0,0,0
2,0,0,0
2,0,0,0
2,0,0,0
2,0,0,0
2,0,0,0
2,0,0,0
2,0,0,0
2,0,0,0
2,0,0,0
2,0,0,0
2,0,0,0
2,0,0,0
2,0,0,0
2,0,0,0
2,0,0,0
2,0,0,0
2,0,0,0
2,0,0,0
2,0,0,0
2,0,0,0
2,0,0,0
2,0,0,0
2,0,0,0
2,0,0,0
2,0,0,0
2,0,0,0
2,0,0,0
2,0,0,0
2,0,0,0
2,0,0,0
2,0,0,0
2,0,0,0
2,0,0,0
2,0,0,0
2,0,0,0
2,0,0,0
2,0,0,0
2,0,0,0
2,0,0,0
2,0,0,0
2,0,0,0
2,0,0,0
2,0,0,0
2,0,0,0
2,0,0,0
2,0,0,0
2,0,0,0
2,0,0,0
2,0,0,0
2,0,0,0
2,0,0,0
2,0,0,0
2,0,0,0
2,0,0,0
2,0,0,0
2,0,0,0
2,0,0,0
2,0,0,0
2,0,0,0
2,0,0,0
2,0,0,0
2,0,0,0
2,0,0,0
2,0,0,0
2,0,0,0
2,0,0,0
2,0,0,0
2,0,0,0
2,0,0,0
2,0,0,0
2,0,0,0
2,0,0,0
2,0,0,0
2,0,0,0
2,0,0,0
2,0,0,0
2,0,0,0
2,0,0,0
2,0,0,0
2,0,0,0
2,0,0,0
2,0,0,0
2,0,0,0
2,0,0,0
2,0,0,0
2,0,0,0
2,0,0,0
2,0,0,0
2,0,0,0
2,0,0,0
2,0,0,0
2,0,0,0
2,0,0,0
2,0,0,0
2,0,0,0
2,0,0,0
2,0,0,0
2,0,0,0
2,0,0,0
2,0,0,0
2,0,0,0
2,0,0,0
2,0,0,0
2,0,0,0
2,0,0,0
2,0,0,0
2,0,0,0
2,0,0,0
2,0,0,0
2,0,0,0
2,0,0,0
2,0,0,0
2,0,0,0
2,0,0,0
2,0,0,0
2,0,0,0
2,0,0,0
2,0,0,0
2,0,0,0
2,0,0,0
2,0,0,0
2,0,0,0
2,0,0,0
2,0,0,0
2,0,0,0
2,0,0,0
2,0,0,0
2,0,0,0
2,0,0,0
2,0,0,0
2,0,0,0
2,0,0,0
2,0,0,0
2,0,0,0
2,0,0,0
2,0,0,0
2,0,0,0
2,0,0,0
2,0,0,0
2,0,0,0
2,0,0,0
2,0,0,0
2,0,0,0
2,0,0,0
2,0,0,0
2,0,0,0
2,0,0,0
2,0,0,0
2,0,0,0
2,0,0,0
2,0,0,0
2,0,0,0
2,0,0,0
2,0,0,0
2,0,0,0
2,0,0,0
2,0,0,0
2,0,0,0
2,0,0,0
2,0,0,0
2,0,0,0
2,0,0,0
2,0,0,0
2,0,0,0
2,0,0,0
2,0,0,0
2,0,0,0
2,0,0,0
2,0,0,0
2,0,0,0
2,0,0,0
2,0,0,0
2,0,0,0
2,0,0,0
2,0,0,0
2,0,0,0
2,0,0,0
2,0,0,0
2,0,0,0
2,0,0,0
2,0,0,0
2,0,0,0
2,0,0,0
2,0,0,0
2,0,0,0
2,0,0,0
2,0,0,0
2,0,0,0
2,0,0,0
2,0,0,0
2,0,0,0
2,0,0,0
2,0,0,0
2,0,0,0
2,0,0,0
2,0,0,0
2,0,0,0
2,0,0,0
2,0,0,0
2,0,0,0
2,0,0,0
2,0,0,0
2,0,0,0
2,0,0,0
2,0,0,0
2,0,0,0
2,0,0,0
2,0,0,0
2,0,0,0
2,0,0,0
2,0,0,0
2,0,0,0
2,0,0,0
2,0,0,0
2,0,0,0
2,0,0,0
2,0,0,0
2,0,0,0
2,0,0,0
2,0,0,0
2,0,0,0
2,0,0,0
2,0,0,0
2,0,0,0
2,0,0,0
2,0,0,0
2,0,0,0
2,0,0,0
2,0,0,0
2,0,0,0
2,0,0,0
2,0,0,0
2,0,0,0
2,0,0,0
2,0,0,0
2,0,0,0
2,0,0,0
2,0,0,0
2,0,0,0
2,0,0,0
2,0,0,0
2,0,0,0
2,0,0,0
2,0,0,0
2,0,0,0
2,0,0,0
2,0,0,0
2,0,0,0
2,0,0,0
2,0,0,0
2,0,0,0
2,0,0,0
2,0,0,0
2,0,0,0
2,0,0,0
2,0,0,0
2,0,0,0
2,0,0,0
2,0,0,0
2,0,0,0
2,0,0,0
2,0,0,0
2,0,0,0
2,0,0,0
2,0,0,0
2,0,0,0
2,0,0,0
2,0,0,0
2,0,0,0
2,0,0,0
2,0,0,0
2,0,0,0
2,0,0,0
2,0,0,0
2,0,0,0
2,0,0,0
2,0,0,0
2,0,0,0
2,0,0,0
2,0,0,0
2,0,0,0
2,0,0,0
2,0,0,0
2,0,0,0
2,0,0,0
2,0,0,0
2,0,0,0
2,0,0,0
2,0,0,0
2,0,0,0
2,0,0,0
2,0,0,0
2,0,0,0
2,0,0,0
2,0,0,0
2,0,0,0
2,0,0,0
2,0,0,0
2,0,0,0
2,0,0,0
2,0,0,0
2,0,0,0
2,0,0,0
2,0,0,0
2,0,0,0
2,0,0,0
2,0,0,0
2,0,0,0
2,0,0,0
2,0,0,0
2,0,0,0
2,0,0,0
2,0,0,0
2,0,0,0
2,0,0,0
2,0,0,0
2,0,0,0
2,0,0,0
2,0,0,0
2,0,0,0
2,0,0,0
2,0,0,0
2,0,0,0
2,0,0,0
2,0,0,0
2,0,0,0
2,0,0,0
2,0,0,0
2,0,0,0
2,0,0,0
2,0,0,0
2,0,0,0
2,0,0,0
2,0,0,0
2,0,0,0
2,0,0,0
2,0,0,0
2,0,0,0
2,0,0,0
2,0,0,0
2,0,0,0
2,0,0,0
2,0,0,0
2,0,0,0
2,0,0,0
2,0,0,0
2,0,0,0
2,0,0,0
2,0,0,0
2,0,0,0
2,0,0,0
2,0,0,0
2,0,0,0
2,0,0,0
2,0,0,0
2,0,0,0
2,0,0,0
2,0,0,0
2,0,0,0
2,0,0,0
2,0,0,0
2,0,0,0
2,0,0,0
2,0,0,0
2,0,0,0
2,0,0,0
2,0,0,0
2,0,0,0
2,0,0,0
2,0,0,0
2,0,0,0
2,0,0,0
2,0,0,0
2,0,0,0
2,0,0,0
2,0,0,0
2,0,0,0
2,0,0,0
2,0,0,0
2,0,0,0
2,0,0,0
2,0,0,0
2,0,0,0
2,0,0,0
2,0,0,0
2,0,0,0
2,0,0,0
2,0,0,0
2,0,0,0
2,0,0,0
2,0,0,0
2,0,0,0
2,0,0,0
2,0,0,0
2,0,0,0
2,0,0,0
2,0,0,0
2,0,0,0
2,0,0,0
2,0,0,0
2,0,0,0
2,0,0,0
2,0,0,0
2,0,0,0
2,0,0,0
2,0,0,0
2,0,0,0
2,0,0,0
2,0,0,0
2,0,0,0
2,0,0,0
2,0,0,0
2,0,0,0
2,0,0,0
2,0,0,0
2,0,0,0
2,0,0,0
2,0,0,0
2,0,0,0
2,0,0,0
2,0,0,0
2,0,0,0
2,0,0,0
2,0,0,0
2,0,0,0
2,0,0,0
2,0,0,0
2,0,0,0
2,0,0,0
2,0,0,0
2,0,0,0
2,0,0,0
2,0,0,0
2,0,0,0
2,0,0,0
2,0,0,0
2,0,0,0
2,0,0,0
2,0,0,0
2,0,0,0
2,0,0,0
2,0,0,0
2,0,0,0
2,0,0,0
2,0,0,0
2,0,0,0
2,0,0,0
2,0,0,0
2,0,0,0
2,0,0,0
2,0,0,0
2,0,0,0
2,0,0,0
2,0,0,0
2,0,0,0
2,0,0,0
2,0,0,0
2,0,0,0
2,0,0,0
2,0,0,0
2,0,0,0
2,0,0,0
2,0,0,0
2,0,0,0
2,0,0,0
2,0,0,0
2,0,0,0
2,0,0,0
2,0,0,0
2,0,0,0
2,0,0,0
2,0,0,0
2,0,0,0
2,0,0,0
2,0,0,0
2,0,0,0
2,0,0,0
2,0,0,0
2,0,0,0
2,0,0,0
2,0,0,0
2,0,0,0
2,0,0,0
2,0,0,0
2,0,0,0
2,0,0,0
2,0,0,0
2,0,0,0
2,0,0,0
2,0,0,0
2,0,0,0
2,0,0,0
2,0,0,0
2,0,0,0
2,0,0,0
2,0,0,0
2,0,0,0
2,0,0,0
2,0,0,0
2,0,0,0
2,0,0,0
2,0,0,0
2,0,0,0
2,0,0,0
2,0,0,0
2,0,0,0
2,0,0,0
2,0,0,0
2,0,0,0
2,0,0,0
2,0,0,0
2,0,0,0
2,0,0,0
2,0,0,0
2,0,0,0
2,0,0,0
2,0,0,0
2,0,0,0
2,0,0,0
2,0,0,0
2,0,0,0
2,0,0,0
2,0,0,0
2,0,0,0
2,0,0,0
2,0,0,0
2,0,0,0
2,0,0,0
2,0,0,0
2,0,0,0
2,0,0,0
2,0,0,0
2,0,0,0
2,0,0,0
2,0,0,0
2,0,0,0
2,0,0,0
2,0,0,0
2,0,0,0
2,0,0,0
2,0,0,0
2,0,0,0
2,0,0,0
2,0,0,0
2,0,0,0
2,0,0,0
2,0,0,0
2,0,0,0
2,0,0,0
2,0,0,0
2,0,0,0
2,0,0,0
2,0,0,0
2,0,0,0
2,0,0,0
2,0,0,0
2,0,0,0
2,0,0,0
2,0,0,0
2,0,0,0
2,0,0,0
2,0,0,0
2,0,0,0
2,0,0,0
2,0,0,0
2,0,0,0
2,0,0,0
2,0,0,0
